SubjectID,AgeGroup,RMSE_ms,MAPE_pct,Coverage_90,PP_pval_min,PP_pval_sd
A100001,1,52.92,6.53,0.944,0.4300,0.4600
A100002,1,1309.38,37.76,0.947,0.4450,0.2350
A100003,1,748.08,11.28,0.900,0.6500,0.7200
A100004,1,203.72,6.55,0.944,0.5050,0.4700
A100005,1,152.19,5.82,0.900,0.4900,0.4350
A100006,1,59.30,5.01,1.000,0.4650,0.4900
A100007,1,24.60,3.35,0.938,0.2350,0.6750
A100008,1,25.38,2.93,0.941,0.2450,0.6950
A100009,1,351.60,14.82,0.895,0.5550,0.2300
A100010,1,435.14,7.13,0.895,0.6300,0.4500
A100011,1,24.68,4.22,0.941,0.4700,0.6550
A100012,1,17.01,2.23,0.941,0.3300,0.5800
A100013,1,228.55,23.31,0.944,0.4750,0.4800
A100014,1,129.14,5.53,0.889,0.8150,0.4450
A100015,1,378.50,10.69,0.882,0.4800,0.3900
A100016,1,68.47,4.69,0.941,0.3950,0.4550
A100017,1,155.58,16.13,1.000,0.4950,0.6200
A100018,1,178.60,19.43,0.950,0.4400,0.4000
A100019,1,341.78,15.38,0.900,0.4800,0.3500
A100020,1,104.28,5.30,1.000,0.4450,0.4600
A100021,1,117.73,7.51,0.944,0.4350,0.4800
A100022,1,27.88,3.54,0.950,0.2800,0.5950
A100023,1,217.21,8.99,1.000,0.5600,0.6300
A100024,1,42.07,5.14,1.000,0.2650,0.5200
A100025,1,22.59,3.06,0.895,0.2450,0.6150
A100026,1,122.52,3.97,1.000,0.5050,0.5900
A100027,1,60.10,8.14,1.000,0.4750,0.4850
A100028,1,18.39,2.55,0.950,0.1350,0.6700
A100029,1,410.57,9.73,0.950,0.3500,0.4100
A100030,1,216.22,26.72,1.000,0.4550,0.4200
A100031,1,136.20,7.50,0.882,0.6100,0.5000
A100032,1,201.91,14.29,0.900,0.5050,0.3950
A100033,1,82.37,9.22,0.941,0.4500,0.5950
A100034,1,75.09,8.57,0.947,0.4100,0.4800
A100036,1,61.12,6.02,0.900,0.4900,0.4900
A100037,1,112.59,11.14,1.000,0.4700,0.5650
A100038,1,155.32,11.05,1.000,0.4600,0.4850
A100039,1,52.91,11.33,0.938,0.3650,0.5400
A100040,1,90.59,8.90,0.950,0.4850,0.4500
A100041,1,294.00,9.21,0.895,0.5500,0.3350
A100042,1,60.08,5.49,0.895,0.4650,0.4800
A100043,1,71.66,3.89,1.000,0.4300,0.5450
A100044,1,143.51,10.09,0.947,0.4800,0.3900
A100045,1,35.17,7.78,0.944,0.2250,0.6100
A100046,1,16.78,3.37,1.000,0.2000,0.6150
A100048,1,65.42,8.27,1.000,0.3800,0.6100
A100049,1,12.94,1.84,0.947,0.2550,0.6200
A100050,1,45.88,8.17,0.882,0.4650,0.5750
A100051,1,15.84,1.94,1.000,0.2900,0.6200
A100052,1,273.03,8.69,0.947,0.3950,0.2900
A100053,1,59.03,8.60,0.947,0.4650,0.4550
A100054,1,42.20,8.52,0.944,0.3300,0.5550
A100055,1,12.80,2.43,0.938,0.5150,0.6600
A100056,1,77.20,3.59,1.000,0.3350,0.6250
A100057,1,53.74,5.23,0.889,0.4600,0.5050
A100058,1,58.68,4.41,1.000,0.3300,0.4950
A100059,1,16.94,2.56,0.944,0.3250,0.6300
A100060,1,43.23,6.38,0.944,0.3600,0.5500
A100061,1,64.60,10.14,1.000,0.4000,0.6350
A100062,1,65.40,7.78,0.947,0.4650,0.4650
A100063,1,26.51,4.19,0.947,0.3600,0.5550
A100064,1,86.53,4.17,0.938,0.3950,0.5750
A100066,1,452.08,33.64,1.000,0.4250,0.3750
A100067,1,119.59,11.86,0.895,0.5450,0.4800
A100068,1,35.46,4.45,1.000,0.3650,0.6000
A100069,1,179.97,12.06,0.947,0.4050,0.4600
A100070,1,29.39,4.61,0.875,0.5150,0.7100
A100071,1,44.54,4.25,0.941,0.4050,0.5750
A100072,1,244.42,13.39,0.850,0.6950,0.5700
A100073,1,131.42,12.27,1.000,0.4950,0.6400
A100074,1,58.90,10.93,0.944,0.4200,0.5000
A100075,1,8.89,1.45,1.000,0.2450,0.6850
A100076,1,11.71,2.30,1.000,0.1450,0.7600
A100077,1,67.39,6.67,0.950,0.4700,0.4450
A100078,1,290.89,8.91,0.895,0.6900,0.5750
A100079,1,150.41,6.36,0.895,0.6450,0.4800
A100080,1,57.16,9.23,0.947,0.4300,0.5350
A100081,1,202.81,23.77,0.950,0.4900,0.4900
A100082,1,79.66,6.06,0.947,0.4350,0.5450
A100083,1,90.52,11.19,1.000,0.5200,0.5000
A100084,1,20.30,4.30,0.944,0.3500,0.7800
A100086,1,195.02,12.85,0.900,0.5700,0.4800
A100087,1,45.56,4.11,0.941,0.3100,0.6750
A100088,1,8.11,1.31,1.000,0.3650,0.7100
A100089,1,12.43,1.74,0.941,0.1050,0.7700
A100090,1,114.33,11.23,0.944,0.5650,0.4700
A100091,1,107.62,14.30,1.000,0.4800,0.6400
A100092,1,27.59,3.04,0.944,0.5350,0.6450
A100093,1,122.87,16.28,0.944,0.4950,0.4750
A100094,1,12.04,2.43,1.000,0.1100,0.6650
A100095,1,19.54,3.87,1.000,0.2500,0.5900
A100096,1,17.18,3.43,0.950,0.1900,0.7400
A100097,1,19.73,3.97,0.950,0.2950,0.6650
A100098,1,7.52,1.67,1.000,0.2150,0.6750
A100099,1,109.67,9.79,0.950,0.4500,0.5550
A100100,1,15.14,1.73,0.941,0.5250,0.5900
A100101,1,42.92,4.28,1.000,0.3600,0.5550
A100102,1,63.87,11.20,0.944,0.3850,0.5300
A100103,1,72.02,8.21,0.950,0.4550,0.4850
A100104,1,10.82,2.43,0.944,0.4150,0.7050
A100105,1,83.17,14.57,1.000,0.4100,0.5150
A100106,1,169.63,15.17,0.944,0.4400,0.4300
A100107,1,121.35,15.59,1.000,0.5850,0.5600
A100108,1,47.54,8.68,0.947,0.3700,0.5500
A100109,1,100.08,11.02,0.944,0.5050,0.4600
A100110,1,21.20,4.59,0.938,0.1650,0.7300
A100111,1,104.72,16.64,1.000,0.5350,0.7150
A100112,1,10.25,2.01,1.000,0.2150,0.7450
A100113,1,10.84,1.35,0.944,0.4400,0.5900
A100114,1,28.26,5.51,1.000,0.1400,0.7900
A100115,2,8.76,1.89,1.000,0.3650,0.6450
A100116,2,33.11,6.27,0.944,0.4350,0.4150
A100117,2,85.49,9.99,0.882,0.5400,0.3400
A100118,2,8.44,2.50,1.000,0.3450,0.5350
A100120,2,45.48,8.22,0.947,0.4700,0.3850
A100121,2,35.23,11.79,1.000,0.3550,0.6850
A100122,2,11.14,2.22,0.882,0.7300,0.6700
A100123,2,11.76,2.80,1.000,0.3700,0.6050
A100124,2,127.61,11.14,1.000,0.6250,0.5350
A100125,2,49.23,9.51,0.944,0.4450,0.4550
A100126,2,90.97,14.33,1.000,0.5750,0.4200
A100127,2,12.64,3.14,0.900,0.5900,0.5700
A100128,2,9.02,2.13,0.947,0.4000,0.6400
A100129,2,53.53,7.66,1.000,0.5450,0.5050
A100130,2,58.02,10.99,1.000,0.4000,0.3650
A100131,2,10.62,1.99,0.875,0.7850,0.6300
A100132,2,46.88,11.03,0.941,0.5000,0.4350
A100133,2,91.45,15.29,1.000,0.5250,0.5450
A100135,2,173.93,19.15,0.800,0.6950,0.6700
A100136,2,45.62,10.55,0.944,0.4550,0.4150
A100137,2,46.22,11.09,0.947,0.4800,0.3400
A100138,2,98.01,6.51,0.950,0.4600,0.3700
A100139,2,11.67,3.09,1.000,0.3450,0.6050
A100140,2,7.82,1.57,0.895,0.4850,0.6150
A100141,2,9.21,2.07,1.000,0.4000,0.6500
A100142,2,38.47,6.22,1.000,0.5400,0.5500
A100143,2,10.81,2.91,1.000,0.4300,0.5850
A100144,2,48.24,13.58,0.944,0.4800,0.4500
A100145,2,119.68,9.15,0.950,0.4450,0.3600
A100146,2,31.79,6.25,0.944,0.4400,0.5000
A100147,2,20.05,4.56,0.947,0.4300,0.5000
A100148,2,30.09,6.21,1.000,0.4200,0.5850
A100149,2,66.26,9.81,0.947,0.4750,0.4200
A100150,2,51.19,8.90,0.947,0.4900,0.5550
A100151,2,8.46,2.15,0.875,0.4850,0.6550
A100152,2,32.10,6.86,0.947,0.4800,0.4550
A100153,2,5.93,1.20,0.950,0.1750,0.6450
A100154,2,7.66,1.63,0.941,0.5100,0.5950
A100155,2,24.79,6.39,0.889,0.6200,0.6150
A100156,2,55.75,9.86,1.000,0.5450,0.5550
A100157,2,52.44,12.30,1.000,0.4450,0.5700
A100158,2,15.57,4.37,1.000,0.1500,0.7150
A100159,2,628.17,87.80,0.812,0.8700,1.0000
A100160,2,164.62,11.89,0.842,0.7550,0.7500
A100161,2,9.62,1.86,0.944,0.7750,0.6000
A100162,2,38.40,6.39,1.000,0.3750,0.4150
A100163,2,94.94,5.19,0.938,0.5100,0.4100
A100164,2,8.22,1.88,0.895,0.3850,0.6500
A100165,2,67.25,11.60,1.000,0.4350,0.4950
A100166,2,6.88,2.52,1.000,0.4150,0.6250
A100167,2,70.95,12.92,0.944,0.4950,0.5000
A100168,2,36.64,6.67,0.941,0.4900,0.5000
A100169,2,8.01,1.56,0.947,0.3000,0.6450
A100170,2,8.74,1.77,0.950,0.1900,0.6350
A100171,2,100.86,7.77,0.812,0.4950,0.3350
A100172,2,7.49,1.87,0.944,0.3350,0.6550
A100173,2,22.81,4.66,1.000,0.4600,0.4500
A100174,2,7.10,1.41,0.889,0.5650,0.5700
A100175,2,57.37,10.75,0.900,0.5500,0.4450
A100176,2,7.16,1.69,0.941,0.7350,0.6050
A100177,2,11.03,2.79,0.895,0.5650,0.5000
A100179,2,122.55,12.42,0.833,0.6700,0.6650
A100180,2,39.99,8.04,0.842,0.5450,0.4450
A100181,2,219.41,10.64,0.882,0.4200,0.3500
A100182,2,43.74,11.04,1.000,0.4400,0.4900
A100183,2,9.60,1.97,0.941,0.2850,0.6800
A100184,2,8.28,2.12,0.944,0.5600,0.7200
A100185,2,9.15,2.34,0.941,0.5650,0.6500
A100186,2,12.59,3.05,0.944,0.2250,0.6450
A100187,2,5.61,1.44,1.000,0.2100,0.6450
A100188,2,6.37,1.72,0.944,0.5150,0.5900
A100189,2,366.85,21.91,0.778,0.7400,0.8100
A100190,2,42.25,7.63,0.947,0.4450,0.4400
A100191,2,259.75,16.04,0.950,0.5000,0.4650
A100192,2,45.36,12.47,1.000,0.4050,0.5000
A100193,2,49.24,14.09,1.000,0.4350,0.4850
A100194,2,147.29,19.22,0.833,0.6650,0.7900
A100195,2,11.74,2.95,0.882,0.5950,0.7400
A100196,2,23.84,7.03,0.950,0.5050,0.5300
A100197,2,9.80,2.76,0.900,0.5850,0.6650
A100198,2,45.51,10.44,1.000,0.4700,0.4950
A100199,2,57.92,9.87,0.900,0.5500,0.5450
A100200,2,49.46,12.35,1.000,0.4700,0.6250
A100201,2,10.47,3.20,0.938,0.1750,0.7850
A100202,2,14.33,3.89,1.000,0.2050,0.6050
A100203,2,104.40,12.36,0.882,0.5950,0.6300
A100205,2,50.39,9.63,0.842,0.5450,0.4450
A100206,2,11.64,3.11,0.938,0.5650,0.6200
A100207,2,9.18,1.78,0.889,0.5750,0.6050
A100208,2,52.89,11.72,1.000,0.4550,0.4700
A100209,2,10.75,3.09,1.000,0.1250,0.6600
A100210,2,20.26,4.65,0.950,0.3250,0.5400
A100211,2,45.19,20.77,1.000,0.4100,0.8850
A100212,2,40.25,8.55,0.850,0.5250,0.4500
A100213,2,8.54,2.30,0.889,0.5300,0.6650
A100214,2,6.87,2.05,0.938,0.5800,0.5550
A100215,2,26.42,6.48,0.950,0.4550,0.5250
A100216,2,22.72,4.20,0.947,0.4000,0.4900
A100217,2,19.64,6.80,1.000,0.3350,0.5200
A100218,2,36.31,7.55,0.889,0.5700,0.4200
A100219,2,47.25,12.44,1.000,0.4400,0.4650
A100220,2,37.18,5.31,1.000,0.4350,0.6150
A100222,2,136.00,23.18,0.800,0.6500,0.8450
A100223,2,7.89,2.27,0.950,0.2600,0.7450
A100224,2,6.08,1.78,1.000,0.3500,0.6300
A100225,2,17.56,6.42,1.000,0.3000,0.5950
A100226,2,56.95,12.53,0.950,0.5700,0.5850
A100227,2,12.38,4.17,0.941,0.1950,0.7450
A100228,2,47.75,9.78,0.947,0.4900,0.4000
A100229,2,27.97,7.49,0.941,0.4250,0.5700
A100230,2,33.63,9.95,0.944,0.4850,0.4950
A100231,2,38.34,10.87,0.941,0.3700,0.4600
A100232,2,53.86,10.03,0.900,0.4800,0.4000
A100233,2,10.65,2.52,1.000,0.1250,0.7200
A100234,2,7.28,1.64,0.941,0.2550,0.6650
A100236,2,8.39,2.62,0.895,0.5550,0.6100
A100237,2,42.55,6.52,1.000,0.5300,0.6950
A100239,3,7.05,2.06,0.895,0.5100,0.6650
A100240,3,21.53,4.13,0.944,0.3500,0.4750
A100241,3,50.20,13.37,1.000,0.4600,0.7100
A100242,3,7.20,2.17,1.000,0.3250,0.6050
A100243,3,49.97,11.20,1.000,0.4300,0.4700
A100244,3,20.82,5.18,0.947,0.3900,0.4150
A100245,3,7.61,2.12,0.944,0.6200,0.5600
A100246,3,46.06,12.01,1.000,0.5650,0.4500
A100247,3,7.07,2.17,0.944,0.6050,0.5400
A100248,3,42.01,8.07,0.944,0.4050,0.3950
A100250,3,9.13,3.69,1.000,0.2900,0.5150
A100251,3,8.88,2.33,0.947,0.3550,0.5950
A100252,3,25.19,9.70,1.000,0.3200,0.4950
A100253,3,31.26,10.80,0.941,0.3250,0.4650
A100254,3,11.71,3.12,0.895,0.4400,0.4200
A100255,3,32.71,10.60,0.882,0.5200,0.4100
A100257,3,9.39,3.09,0.941,0.4300,0.5400
A100258,3,32.58,10.06,1.000,0.4350,0.5350
A100259,3,163.20,8.29,0.944,0.6150,0.2350
A100260,3,55.52,11.80,0.947,0.6450,0.5700
A100261,3,11.74,1.90,0.900,0.5700,0.4350
A100262,3,6.32,2.02,1.000,0.4300,0.6550
A100266,3,18.24,4.12,0.941,0.3300,0.5650
A100268,3,18.35,5.14,0.944,0.3700,0.5850
A100269,3,11.05,3.17,0.889,0.1950,0.6750
A100271,3,6.35,1.84,0.947,0.1100,0.6450
A100272,3,6.74,2.07,0.941,0.3300,0.6750
A100273,3,7.15,1.78,1.000,0.2350,0.6400
A100274,3,7.24,2.56,0.941,0.0900,0.7650
A100275,3,7.70,2.03,0.941,0.6300,0.4850
A100276,3,4.83,1.56,0.895,0.6150,0.5400
A100277,3,7.08,2.29,0.941,0.4700,0.5250
A100278,3,5.66,2.23,1.000,0.2150,0.6500
A100279,3,8.38,2.67,0.889,0.5150,0.6600
A100280,3,11.73,3.48,0.882,0.6400,0.4450
A100281,3,7.82,2.33,1.000,0.1150,0.7300
A100282,3,8.09,2.58,0.941,0.4550,0.5900
A100283,3,4.87,1.54,0.889,0.5100,0.5700
A100285,3,9.95,3.02,1.000,0.2250,0.6450
A100286,3,5.21,1.54,1.000,0.3850,0.5300
A100287,3,5.99,1.62,0.944,0.4900,0.5600
A100288,3,18.58,4.71,1.000,0.2550,0.7100
A100290,3,12.41,4.13,0.944,0.1900,0.7900
A100291,3,28.08,7.16,1.000,0.4400,0.4200
A100292,3,7.23,2.07,0.941,0.1400,0.6050
A100293,3,6.33,1.54,0.944,0.3250,0.5650
A100294,3,14.95,3.89,0.882,0.5650,0.5900
A100295,3,5.67,1.80,1.000,0.4650,0.5350
A100296,3,5.85,2.50,0.950,0.3350,0.6550
A100298,3,11.16,3.32,0.889,0.5650,0.5650
A100299,3,8.65,3.24,0.944,0.2400,0.5450
A100300,3,4.80,1.41,0.895,0.4500,0.5400
A100301,3,6.12,2.10,1.000,0.3950,0.6650
A100302,3,7.96,2.26,0.941,0.8300,0.5250
A100303,3,316.33,44.31,0.765,0.8050,0.9850
A100304,3,18.64,5.15,0.938,0.4250,0.5100
A100306,4,41.98,10.74,0.900,0.4850,0.3250
A100307,4,27.37,7.73,1.000,0.4700,0.5600
A100308,4,5.03,1.18,0.895,0.8050,0.5000
A100309,4,5.30,1.75,0.944,0.4100,0.6350
A100310,4,19.01,7.10,0.941,0.3850,0.6150
A100311,4,5.19,1.56,0.944,0.4900,0.4550
A100312,4,26.68,8.69,0.882,0.4050,0.3900
A100313,4,4.41,1.53,0.947,0.4800,0.6700
A100314,4,6.90,1.74,0.944,0.3500,0.6850
A100315,4,16.01,3.62,0.947,0.2300,0.5350
A100316,4,26.52,7.36,0.950,0.4200,0.3650
A100317,4,58.02,10.82,0.889,0.6550,0.6850
A100319,4,14.69,5.43,0.941,0.0900,0.7300
A100320,4,8.60,3.12,0.895,0.1700,0.7600
A100321,4,5.38,1.67,0.941,0.1150,0.7350
A100322,4,7.28,2.78,0.944,0.4000,0.4650
A100323,4,9.85,3.82,1.000,0.3100,0.4500
A100324,4,4.92,1.77,1.000,0.3550,0.5900
A100325,4,143.77,20.50,0.737,0.7900,0.8400
A100328,4,40.12,12.38,0.900,0.4450,0.3950
A100329,4,7.21,2.14,0.944,0.5150,0.5800
A100330,4,5.48,1.69,0.947,0.1250,0.6000
A100331,4,15.43,5.79,0.944,0.1800,0.6550
A100332,4,8.95,2.52,0.950,0.2200,0.5900
A100334,4,15.24,5.11,0.941,0.1850,0.6600
A100337,4,9.58,2.94,0.882,0.2400,0.6100
A100338,4,27.25,8.18,1.000,0.4700,0.5000
A100339,4,6.92,2.44,0.947,0.3600,0.6350
A100340,4,5.80,1.80,0.947,0.3900,0.6150
A100341,4,59.62,14.28,0.850,0.6300,0.6350
A100343,4,60.56,11.29,1.000,0.6300,0.6950
A100344,4,11.11,3.44,0.938,0.0900,0.8150
A100345,4,6.35,2.38,0.944,0.4700,0.6200
A100346,4,4.91,1.83,0.947,0.3650,0.5400
A100347,4,11.95,3.28,0.895,0.5500,0.6150
A100348,4,6.10,1.69,0.950,0.1800,0.6600
A100349,4,5.38,1.44,0.947,0.7700,0.5400
A100350,4,54.44,10.39,1.000,0.5450,0.4150
A100351,4,3.43,1.29,1.000,0.3450,0.5400
A100352,4,6.09,2.44,0.950,0.1900,0.6400
A100353,4,7.08,2.10,0.947,0.3100,0.7000
A100354,4,21.55,5.59,0.900,0.4250,0.4400
A100355,4,33.67,8.71,0.941,0.5450,0.4350
A100356,4,6.14,1.94,1.000,0.3100,0.6150
A100358,4,5.22,2.29,0.941,0.1150,0.7350
A100359,4,14.23,3.33,0.947,0.5600,0.3900
A100360,4,4.71,1.64,0.941,0.1400,0.7350
A100361,4,5.00,1.93,1.000,0.3250,0.6700
A100362,4,9.60,1.53,0.889,0.5400,0.4550
A100363,4,6.68,2.90,0.889,0.0800,0.7800
A100364,4,8.19,2.63,0.900,0.4200,0.6000
A100365,4,9.87,3.61,0.950,0.2250,0.5800
A100366,4,6.60,2.70,0.944,0.2450,0.7550
A100367,4,8.65,2.74,1.000,0.1050,0.6000
A100368,4,36.15,12.85,1.000,0.4150,0.7250
A100369,4,18.85,5.72,0.947,0.4500,0.4600
A100370,4,4.12,1.31,1.000,0.4150,0.5800
A100371,4,5.48,1.46,0.950,0.3800,0.5500
A100372,4,7.23,2.44,0.944,0.1800,0.8700
A100373,4,7.43,2.70,0.947,0.1800,0.6700
A100374,4,4.86,1.89,1.000,0.2800,0.5600
A100375,4,4.58,1.72,0.944,0.2700,0.6450
A100377,4,29.02,6.17,0.944,0.4450,0.3700
A100378,4,5.29,1.62,0.950,0.2600,0.5900
A100379,4,25.63,4.62,0.950,0.3800,0.4850
A100380,4,5.71,2.20,1.000,0.3550,0.7250
A100381,4,5.00,1.55,1.000,0.3900,0.5700
A100382,4,6.38,1.51,1.000,0.3250,0.6250
A100383,4,3.69,1.37,1.000,0.2700,0.6850
A100384,4,21.29,6.59,0.938,0.3450,0.4900
A100385,4,7.08,2.51,1.000,0.2150,0.5800
A100386,4,7.63,2.80,0.941,0.2950,0.5050
A100387,4,24.75,6.13,0.833,0.5450,0.4400
A100388,4,8.12,2.40,1.000,0.3100,0.5200
A100390,4,9.98,2.98,0.889,0.5500,0.6100
A100391,4,12.28,3.41,0.947,0.2850,0.5350
A100393,4,11.89,3.24,0.947,0.3350,0.6500
A100394,4,13.70,2.79,0.944,0.3400,0.4350
A100395,4,64.50,23.88,1.000,0.5200,0.9550
A100396,4,6.22,1.71,1.000,0.2500,0.5800
A100397,4,27.54,7.55,0.938,0.4300,0.3600
A100398,4,5.43,1.89,1.000,0.4000,0.5650
A100399,4,6.74,2.11,0.882,0.1950,0.7850
A100400,4,9.20,3.25,0.950,0.3050,0.5700
A100401,4,13.48,4.14,0.944,0.2950,0.4500
A100402,4,5.78,1.83,1.000,0.3750,0.6550
A100403,4,7.21,2.66,0.941,0.2900,0.4950
A100404,4,4.16,1.16,0.944,0.3050,0.5450
A100405,4,37.64,10.75,0.947,0.4750,0.4050
A100406,4,10.60,2.98,0.895,0.4150,0.6100
A100407,4,8.64,3.08,0.947,0.6400,0.5450
A100408,4,4.91,2.10,0.947,0.0900,0.7400
A100409,4,12.96,4.77,0.947,0.0600,0.7500
A100410,4,3.79,1.14,0.950,0.5900,0.4750
A100411,4,8.98,2.12,0.900,0.6650,0.3800
A100412,4,7.03,1.81,0.889,0.3200,0.6100
A100413,4,4.85,1.49,1.000,0.2600,0.5300
A100414,4,9.80,3.34,0.947,0.1550,0.6150
A100415,4,18.74,4.55,0.944,0.3100,0.5300
A100417,4,9.81,2.99,0.950,0.3450,0.6550
A100420,4,5.09,1.65,0.950,0.3600,0.6250
A100423,4,6.76,2.61,1.000,0.2050,0.5000
A100424,4,3.40,1.18,0.941,0.4650,0.5650
A100425,4,39.65,7.47,1.000,0.4800,0.4050
A100426,4,9.63,2.73,0.889,0.3200,0.5850
A100427,4,6.84,1.52,0.944,0.7750,0.5200
A100428,4,5.39,1.56,1.000,0.0850,0.8650
A100429,4,23.87,6.39,1.000,0.3350,0.6650
A100430,4,9.41,2.70,0.941,0.0700,0.6600
A100431,4,19.04,4.55,0.944,0.3750,0.4200
A100433,4,7.42,2.64,0.889,0.1900,0.6550
A100434,4,70.92,20.70,1.000,0.5250,0.5800
A100435,4,8.69,2.18,0.938,0.2450,0.6350
A100436,4,5.29,1.66,0.895,0.2200,0.6450
A100437,4,7.86,2.09,0.947,0.2300,0.6500
A100438,4,6.46,2.10,0.850,0.6600,0.4350
A100439,4,5.52,1.45,0.895,0.6200,0.5100
A100441,4,6.71,2.33,0.947,0.2750,0.7250
A100442,4,6.91,2.26,0.944,0.3650,0.5850
A100443,4,15.45,4.00,0.900,0.3350,0.4800
A100444,4,30.27,8.88,0.941,0.4200,0.3750
A100445,4,17.71,4.84,0.941,0.2850,0.5150
A100446,4,10.02,3.08,0.833,0.5900,0.6900
A100447,4,5.33,1.50,0.941,0.3050,0.5250
A100448,4,5.52,1.50,1.000,0.1650,0.6400
A100449,4,5.05,1.82,0.944,0.6200,0.5600
A100450,4,7.30,2.61,0.938,0.1800,0.6650
A100451,4,15.67,6.83,0.947,0.2500,0.6500
A100453,4,5.68,2.06,1.000,0.1300,0.6900
A100454,4,5.11,1.39,1.000,0.3200,0.6100
A100455,4,6.20,2.26,0.875,0.6100,0.6900
A100456,4,11.19,2.98,1.000,0.0800,0.6400
A100457,4,19.37,4.44,0.947,0.4400,0.3750
A100458,4,5.43,1.83,0.947,0.3300,0.6500
A100459,4,121.65,24.78,0.947,0.7100,0.9150
A100460,4,57.90,11.91,0.941,0.5300,0.3250
A100461,4,8.16,2.57,1.000,0.1450,0.5850
A100462,4,13.09,3.45,0.950,0.2850,0.4600
A100463,4,10.85,3.34,0.944,0.3350,0.5250
A100464,4,6.06,2.23,0.950,0.1650,0.6550
A100465,4,4.94,1.29,0.938,0.2500,0.6500
A100466,4,65.85,15.33,1.000,0.6350,0.6700
A100467,4,19.37,7.00,0.947,0.4000,0.3800
A100468,4,13.90,4.53,0.950,0.4300,0.4150
A100469,4,6.49,1.96,0.889,0.4650,0.6450
A100470,4,23.52,5.42,0.944,0.4850,0.3950
A100471,4,10.03,3.64,1.000,0.3700,0.6100
A100472,4,5.12,1.53,0.950,0.3000,0.5400
A100473,4,4.29,1.91,1.000,0.3600,0.6150
A100474,4,18.77,6.12,0.941,0.2100,0.6000
A100475,4,14.47,4.47,0.947,0.3550,0.5500
A100476,4,8.22,2.12,0.812,0.5100,0.5550
A100477,4,6.82,2.60,0.950,0.1500,0.6800
A100478,4,9.17,2.17,1.000,0.2100,0.6400
A100480,4,8.05,2.73,0.941,0.4100,0.6300
A100481,4,4.88,1.84,1.000,0.3900,0.6400
A100482,4,51.24,12.48,1.000,0.5000,0.4050
A100483,4,5.21,1.64,1.000,0.3050,0.6050
A100484,4,12.96,4.75,0.944,0.2850,0.6000
A100485,4,7.02,2.53,0.941,0.1750,0.7700
A100486,4,5.33,1.84,0.947,0.3250,0.5900
A100487,4,28.23,9.18,1.000,0.3850,0.4250
A100488,4,4.64,1.67,0.941,0.5100,0.5550
A100489,4,10.57,4.30,0.900,0.1800,0.6900
A100490,4,8.06,2.38,0.900,0.6800,0.4550
A100491,4,5.15,1.23,0.895,0.5800,0.6050
A100492,4,35.30,11.93,0.947,0.4300,0.5000
A100493,4,14.46,4.19,0.900,0.1950,0.6400
A100495,4,6.04,1.81,0.895,0.5500,0.6200
A100496,4,5.91,2.05,0.947,0.1450,0.7500
A100497,4,9.27,2.82,0.941,0.2400,0.6900
A100498,4,49.14,8.75,0.833,0.5050,0.3450
A100499,4,6.24,1.84,0.947,0.7050,0.5100
A100500,4,17.09,4.29,0.950,0.4200,0.5000
A100501,4,66.31,15.69,0.941,0.4700,0.3450
A100502,4,5.55,2.07,0.947,0.2950,0.6100
A100503,4,5.60,1.27,0.938,0.5200,0.5050
A100504,4,4.69,1.66,0.895,0.4650,0.6200
A100505,4,7.52,3.03,0.875,0.5700,0.6850
A100506,4,8.73,3.06,0.941,0.4950,0.7200
A100507,4,350.85,28.74,0.688,0.8500,0.7850
A100508,4,7.52,2.22,1.000,0.2750,0.6100
A100509,4,520.01,80.35,0.900,0.8850,1.0000
A100510,4,7.33,2.72,0.944,0.3900,0.7200
A100511,4,16.39,4.76,0.947,0.3200,0.4600
A100512,4,6.44,1.92,0.950,0.2800,0.5450
A100513,4,5.21,1.60,1.000,0.3600,0.6700
A100514,4,3.75,1.33,1.000,0.3400,0.6000
A100515,4,8.73,2.29,0.895,0.4850,0.5050
A100516,4,10.04,3.59,0.941,0.0950,0.7400
A100517,4,20.12,4.95,0.938,0.5050,0.5350
A100518,4,5.86,1.88,1.000,0.2350,0.6000
A100519,4,49.72,11.63,0.895,0.5550,0.6850
A100520,4,6.06,2.38,0.882,0.8000,0.5600
A100521,4,5.16,1.36,0.947,0.3950,0.6150
A100522,4,6.21,2.23,1.000,0.5000,0.4500
A100523,4,7.43,2.03,0.900,0.3850,0.6150
A100524,4,4.86,2.04,0.944,0.2450,0.6300
A100525,4,9.38,3.15,0.950,0.1900,0.7300
A100526,4,7.06,1.96,0.950,0.1000,0.6950
A100527,4,5.50,2.10,1.000,0.2550,0.5200
A100528,4,5.57,1.46,0.947,0.2050,0.6300
A100529,4,11.03,3.37,0.941,0.1000,0.6650
A100530,4,7.09,1.91,0.944,0.4000,0.6150
A100531,4,10.33,3.24,0.941,0.3400,0.6950
A100532,4,7.26,1.61,0.944,0.7600,0.4750
A100533,4,3.60,0.83,0.900,0.4350,0.5800
A100534,4,6.03,1.66,1.000,0.4550,0.4600
A100535,4,5.66,2.24,0.941,0.5050,0.5650
A100536,4,30.29,10.28,1.000,0.3150,0.6700
A100537,4,4.83,1.47,1.000,0.2350,0.5700
A100538,4,5.08,1.74,1.000,0.4350,0.5750
A100540,4,14.18,5.85,1.000,0.1700,0.4950
A100541,4,6.88,2.09,1.000,0.2800,0.5600
A100542,4,5.50,2.00,0.947,0.2150,0.6200
A100543,4,5.72,1.73,0.941,0.1700,0.6650
A100544,4,7.30,2.46,0.947,0.2900,0.6650
A100546,4,6.14,2.25,0.889,0.4200,0.5600
A100547,4,8.34,2.07,0.895,0.6750,0.4550
A100548,4,371.26,28.77,0.778,0.8850,0.7600
A100549,4,7.75,1.98,0.944,0.1450,0.8000
A100550,4,6.89,2.57,1.000,0.2000,0.6500
A100552,4,6.47,2.39,1.000,0.3250,0.4850
A100553,4,6.61,2.40,0.944,0.2400,0.7450
A100555,4,5.75,2.48,0.950,0.1850,0.7600
A100556,4,11.14,2.79,0.944,0.2650,0.5900
A100557,4,7.66,2.03,1.000,0.1750,0.5600
A100558,4,5.13,1.91,0.947,0.2850,0.6300
A100559,4,25.45,7.50,0.950,0.4700,0.3850
A100560,4,6.63,2.45,0.947,0.0600,0.7950
A100561,4,5.17,1.98,1.000,0.2950,0.6200
A100563,4,6.38,2.62,1.000,0.1750,0.8000
A100564,4,12.54,3.31,0.900,0.3750,0.4750
A100565,4,5.98,1.93,0.941,0.3200,0.8300
A100566,4,10.63,3.73,0.944,0.1150,0.7400
A100568,4,6.97,2.33,0.947,0.4000,0.5650
A100569,4,30.60,7.30,0.941,0.3600,0.4000
A100570,4,5.75,2.10,0.882,0.5650,0.5800
A100571,4,13.70,5.53,0.941,0.2200,0.6650
A100572,4,5.41,1.48,0.941,0.6050,0.5800
A100573,4,9.00,2.92,0.889,0.5600,0.5600
A100574,4,12.72,3.76,0.889,0.1400,0.5600
A100575,4,4.73,1.13,0.941,0.5500,0.5900
A100576,4,12.65,3.55,0.941,0.0700,0.7550
A100578,4,8.78,2.71,0.895,0.1900,0.6950
A100579,4,8.95,2.23,0.900,0.4700,0.5700
A100580,4,6.32,2.68,0.944,0.1600,0.6800
A100581,4,4.34,1.28,1.000,0.4500,0.5650
A100582,4,5.64,1.48,1.000,0.2100,0.6250
A100583,4,9.40,2.67,0.938,0.1150,0.7200
A100584,4,3.83,1.24,0.947,0.5900,0.5150
A100585,4,453.38,21.63,0.778,0.9150,0.5850
A100586,4,10.09,4.38,0.944,0.0900,0.8250
A100587,4,5.93,1.92,1.000,0.0700,0.6650
A100588,4,10.97,3.39,0.944,0.2050,0.6600
A100589,4,7.23,2.59,1.000,0.1100,0.7700
A100590,4,8.88,1.99,0.895,0.4200,0.5250
A100591,4,13.83,4.06,0.944,0.1950,0.5750
A100593,4,5.38,1.98,0.944,0.6350,0.4600
A100594,4,3.93,1.19,0.950,0.3950,0.5900
A100595,4,5.41,1.84,0.938,0.2400,0.6600
A100596,4,12.65,3.84,0.941,0.1300,0.6600
A100597,4,5.02,2.11,1.000,0.2850,0.5500
A100598,4,13.74,2.96,0.944,0.3350,0.4500
A100599,4,453.93,64.87,0.812,0.8750,0.9950
A100600,4,6.63,2.33,0.941,0.1200,0.7450
A100601,4,6.81,1.93,0.941,0.5850,0.5800
A100602,4,10.87,3.31,1.000,0.1550,0.5800
A100603,4,7.32,2.36,1.000,0.1900,0.6200
A100604,4,8.35,3.07,0.889,0.1200,0.7700
A100605,4,8.00,3.41,0.950,0.1650,0.6600
A100606,4,6.09,1.68,0.950,0.4000,0.4800
A100607,4,6.14,2.65,0.947,0.1950,0.6550
A100608,4,9.14,3.48,0.947,0.3050,0.5400
A100609,4,9.75,2.45,1.000,0.2100,0.5350
A100610,4,4.72,1.64,0.941,0.1650,0.6600
A100611,4,10.88,2.76,0.947,0.2050,0.5500
A100612,4,4.60,1.32,0.950,0.4600,0.5600
A100613,4,8.88,3.20,0.950,0.1300,0.6200
A100614,4,4.30,1.35,1.000,0.2550,0.6900
A100616,4,12.28,2.62,0.900,0.6900,0.6150
A100617,4,4.67,1.24,0.944,0.4450,0.5400
A100618,4,8.05,2.29,1.000,0.2200,0.5300
A100619,4,13.36,3.85,0.950,0.1800,0.5350
A100621,4,5.53,1.70,0.944,0.2100,0.5800
A100622,4,4.37,1.19,0.941,0.6700,0.5700
A100623,4,9.59,3.96,0.941,0.4050,0.5500
A100624,4,10.66,3.08,0.944,0.2200,0.6350
A100625,4,6.39,2.11,0.947,0.2200,0.6600
A100626,4,7.54,2.05,1.000,0.0600,0.7750
A100627,4,26.77,10.67,1.000,0.3750,0.6650
A100628,4,15.79,5.34,0.895,0.2950,0.5650
A100629,4,5.63,1.92,1.000,0.4100,0.6000
A100630,4,18.17,5.32,0.944,0.4500,0.4300
A100631,4,7.85,2.38,0.944,0.3000,0.6000
A100633,4,12.53,4.25,0.947,0.1050,0.7250
A100634,4,4.30,1.19,1.000,0.2850,0.5500
A100635,4,20.77,9.94,1.000,0.2200,0.7950
A100636,4,11.39,3.53,0.900,0.0900,0.6600
A100638,4,183.43,13.02,0.800,0.8500,0.7900
A100639,4,9.57,2.74,0.941,0.3850,0.6600
A100641,4,17.14,6.44,0.944,0.2400,0.4850
A100642,4,4.64,1.42,1.000,0.1500,0.5700
A100643,4,9.11,3.87,0.944,0.0500,0.7300
A100644,4,22.65,8.02,0.947,0.3500,0.5650
A100645,4,17.95,3.16,0.950,0.2850,0.4250
A100646,4,6.04,1.77,0.941,0.5600,0.5300
A100647,4,10.89,4.20,0.938,0.1050,0.8650
A100648,4,7.73,2.20,0.950,0.0900,0.6000
A100651,4,9.60,2.04,0.947,0.3300,0.5450
A100652,4,36.23,7.98,0.938,0.4750,0.3250
A100653,4,8.95,3.22,0.944,0.2750,0.5750
A100654,4,16.53,5.72,0.947,0.1400,0.6500
A100655,4,5.53,1.59,0.950,0.2850,0.6000
A100656,4,6.18,2.72,0.895,0.1000,0.7900
A100657,4,5.61,1.55,0.950,0.3250,0.5400
A100658,4,7.19,2.11,0.947,0.6950,0.4850
A100659,4,4.76,1.53,0.944,0.5000,0.5900
A100660,4,6.82,1.96,0.895,0.1800,0.8500
A100661,4,7.63,2.11,0.889,0.5450,0.5500
A100662,4,8.19,2.36,0.950,0.3800,0.6000
A100663,4,8.57,2.75,0.944,0.0550,0.8050
A100664,4,23.01,7.91,0.938,0.3000,0.5550
A100665,4,8.95,2.39,0.900,0.3950,0.5750
A100666,4,6.06,2.11,0.947,0.1100,0.7050
A100667,4,18.28,4.36,0.947,0.3350,0.4400
A100668,4,5.26,1.74,1.000,0.3650,0.6650
A100670,4,9.30,2.62,0.889,0.6150,0.6550
A100671,4,6.53,2.65,1.000,0.1550,0.6100
A100672,4,5.52,1.67,0.947,0.3250,0.5900
A100673,4,12.39,2.79,0.947,0.3150,0.4950
A100674,4,10.52,3.40,1.000,0.2900,0.5300
A100675,4,5.79,1.92,0.944,0.3150,0.5900
A100676,4,5.73,1.30,0.950,0.2750,0.5350
A100677,4,7.54,2.68,0.941,0.3100,0.7450
A100679,4,5.44,1.95,0.947,0.4950,0.4900
A100680,4,11.23,3.76,0.889,0.5500,0.6300
A100682,4,4.65,1.25,0.889,0.5050,0.5300
A100683,4,32.29,8.18,1.000,0.4500,0.4950
A100684,4,24.89,7.11,0.947,0.5500,0.3700
A100685,4,7.29,2.06,1.000,0.3650,0.5300
A100686,4,27.03,7.32,0.938,0.4050,0.3750
A100687,4,10.09,2.32,0.944,0.3350,0.5300
A100688,4,8.43,2.53,0.947,0.2000,0.8000
A100689,4,7.81,2.23,0.900,0.6250,0.5850
A100690,4,4.95,1.59,0.889,0.4000,0.5000
A100691,4,9.54,2.62,1.000,0.2500,0.5500
A100693,4,9.86,3.38,0.947,0.2550,0.5700
A100694,4,4.95,1.95,0.944,0.2450,0.6850
A100695,4,8.04,2.60,0.941,0.3200,0.5850
A100696,4,15.47,5.73,0.947,0.2000,0.5750
A100697,4,38.39,6.84,0.947,0.4500,0.4000
A100698,4,8.14,2.98,0.944,0.0950,0.7350
A100699,4,27.64,6.17,0.947,0.5100,0.3150
A100700,4,12.42,4.40,0.944,0.1950,0.6100
A100701,4,4.73,1.98,0.944,0.2000,0.6650
A100703,4,17.05,6.52,0.938,0.2450,0.5300
A100704,4,6.19,1.89,0.947,0.6950,0.4900
A100705,4,8.09,2.38,0.950,0.2600,0.5850
A100707,4,30.61,10.26,1.000,0.2350,0.6550
A100708,4,12.09,2.46,0.800,0.4800,0.5350
A100709,4,5.20,2.19,1.000,0.2950,0.6250
A100710,4,4.93,1.04,0.947,0.3900,0.5400
A100712,4,4.93,1.13,0.944,0.1850,0.6600
A100713,4,8.25,2.43,1.000,0.2950,0.4750
A100714,4,7.55,1.97,0.947,0.3450,0.6650
A100715,4,27.22,7.82,0.941,0.3650,0.4750
A100716,4,7.51,2.21,0.889,0.0850,0.8050
A100717,4,10.99,4.89,0.938,0.2700,0.7100
A100718,4,6.45,2.69,1.000,0.2450,0.7300
A100719,4,43.10,7.36,0.944,0.4100,0.2750
A100720,4,9.34,2.60,0.941,0.5700,0.4700
A100721,4,15.10,4.86,0.944,0.1750,0.5000
A100722,4,76.76,31.74,1.000,0.6350,0.9800
A100723,4,5.41,2.20,1.000,0.0700,0.8100
A100724,4,5.59,1.67,0.950,0.2150,0.5500
A100725,4,4.36,1.63,0.938,0.5750,0.5550
A100726,4,5.70,2.22,0.947,0.2750,0.7050
A100728,4,4.32,1.10,0.900,0.2600,0.6100
A100729,4,39.08,11.77,0.944,0.4350,0.4650
A100731,4,8.29,2.50,0.944,0.1200,0.7200
A100732,4,6.47,2.23,0.947,0.2300,0.7950
A100734,4,5.61,1.17,0.947,0.6600,0.5450
A100736,4,9.32,3.29,0.950,0.2400,0.5550
A100737,4,5.44,1.70,0.889,0.5700,0.6450
A100738,4,16.88,4.60,0.944,0.3050,0.4750
A100739,4,10.79,3.51,0.944,0.3700,0.5550
A100741,4,7.84,2.46,0.950,0.2300,0.6350
A100742,4,13.58,1.83,0.941,0.4750,0.4250
A100743,4,88.97,18.67,1.000,0.7650,0.9000
A100744,4,19.58,5.33,0.941,0.3150,0.4550
A100745,4,10.08,2.25,0.882,0.5500,0.4750
A100746,4,6.49,1.84,1.000,0.0750,0.6750
A100747,4,6.81,2.49,0.944,0.2100,0.5850
A100748,4,12.70,3.37,1.000,0.2550,0.5200
A100749,4,6.08,2.62,0.941,0.2050,0.7150
A100752,4,31.58,8.18,0.950,0.4900,0.4200
A100753,4,8.37,3.34,0.895,0.0500,0.6650
A100754,4,6.68,1.48,1.000,0.3250,0.5450
A100755,4,19.84,6.07,0.947,0.3600,0.5200
A100756,4,24.25,5.99,0.938,0.3250,0.5300
A100757,4,4.44,1.49,0.944,0.5500,0.5900
A100758,4,17.42,4.87,0.944,0.3350,0.6300
A100759,4,46.84,7.24,0.950,0.4800,0.2950
A100760,4,7.86,2.38,0.944,0.3700,0.6300
A100761,4,4.72,1.45,1.000,0.1350,0.6200
A100762,4,6.17,1.61,0.842,0.4200,0.4900
A100763,4,5.66,1.96,0.941,0.5100,0.6250
A100764,4,6.96,2.41,1.000,0.2100,0.7350
A100765,4,7.66,2.24,0.900,0.4950,0.5200
A100766,4,20.34,5.90,0.944,0.3550,0.4800
A100767,4,18.59,6.14,1.000,0.3950,0.4600
A100768,4,5.17,1.70,0.944,0.5850,0.5500
A100769,4,6.97,2.37,1.000,0.1900,0.6200
A100770,4,23.46,6.86,0.900,0.4400,0.4500
A100772,4,6.52,2.48,0.947,0.2700,0.6700
A100773,4,6.46,2.14,0.947,0.1650,0.6700
A100774,4,9.37,3.08,1.000,0.2450,0.6350
A100775,4,21.48,8.86,0.941,0.3500,0.4700
A100777,4,5.00,1.90,0.944,0.1950,0.6950
A100778,4,8.04,2.49,0.895,0.2550,0.6200
A100780,4,26.38,7.47,0.947,0.5400,0.4900
A100781,4,6.44,2.35,0.875,0.5400,0.4700
A100782,4,8.38,2.43,0.889,0.5200,0.5950
A100783,4,5.56,1.90,1.000,0.1800,0.6000
A100784,4,25.95,7.61,1.000,0.4200,0.4150
A100785,4,72.02,19.37,1.000,0.5850,0.9300
A100786,4,12.73,3.35,0.944,0.3100,0.7050
A100787,4,5.78,1.93,0.944,0.5150,0.6450
A100788,4,5.27,1.42,0.895,0.6700,0.5550
A100789,4,13.87,2.92,0.947,0.3400,0.4850
A100791,4,6.43,2.03,0.947,0.4500,0.6600
A100792,4,106.62,14.42,0.950,0.5500,0.4350
A100794,4,35.56,10.27,0.882,0.5000,0.3650
A100795,4,46.41,6.11,0.938,0.3950,0.3000
A100796,4,18.10,4.90,0.944,0.3050,0.5550
A100797,4,29.73,8.24,1.000,0.3150,0.5650
A100798,4,9.67,3.40,0.947,0.1050,0.6250
A100799,4,4.14,1.66,1.000,0.3450,0.5500
A100800,4,5.75,1.75,0.950,0.0750,0.7800
A100801,4,7.18,1.96,0.900,0.4600,0.5850
A100802,4,5.06,1.54,0.947,0.0800,0.7550
A100803,4,3.98,1.41,0.944,0.2400,0.6000
A100804,4,24.28,6.81,0.941,0.2650,0.4800
A100805,4,6.18,1.99,0.944,0.3100,0.6450
A100806,4,5.87,1.30,0.950,0.1250,0.6000
A100807,4,13.96,3.84,0.947,0.3750,0.5850
A100808,4,70.76,9.96,0.800,0.6850,0.6600
A100809,4,12.30,2.00,0.950,0.2900,0.3850
A100810,4,23.82,7.21,0.944,0.5150,0.4550
A100811,4,339.18,18.63,0.947,0.4550,0.3600
A100812,4,19.76,6.75,1.000,0.2250,0.5400
A100813,4,18.99,4.09,0.944,0.4250,0.4600
A100814,4,25.27,7.42,0.941,0.3200,0.4650
A100817,4,6.16,2.25,0.944,0.1400,0.7800
A100818,4,4.75,1.46,0.947,0.4350,0.6250
A100819,4,7.09,2.36,1.000,0.2350,0.6950
A100820,4,6.01,2.02,0.895,0.4750,0.5750
A100821,4,16.49,3.90,0.895,0.3100,0.5700
A100822,4,6.50,1.96,0.944,0.2800,0.7400
A100823,4,4.92,1.46,0.900,0.8100,0.5300
A100824,4,5.38,1.69,0.944,0.4950,0.5400
A100826,4,8.41,2.52,0.950,0.3100,0.5050
A100827,4,39.20,7.89,0.944,0.4650,0.3500
A100828,4,12.45,4.37,0.944,0.1300,0.6800
A100829,4,8.01,2.05,0.889,0.4700,0.6000
A100830,4,3.51,1.00,0.950,0.4900,0.5500
A100831,4,9.43,3.04,0.947,0.1250,0.7650
A100832,4,6.60,2.08,0.941,0.2650,0.6000
A100833,4,48.69,13.33,0.944,0.5350,0.4750
A100834,4,33.09,8.30,0.947,0.4100,0.4900
A100835,4,8.05,2.26,1.000,0.2900,0.5200
A100836,4,25.77,7.29,0.895,0.3900,0.3800
A100837,4,9.21,2.72,0.947,0.2100,0.5350
A100838,4,5.51,1.83,1.000,0.2950,0.7400
A100840,4,17.57,4.11,0.944,0.3500,0.4550
A100841,4,7.63,2.50,1.000,0.4250,0.4950
A100842,4,11.32,3.40,0.889,0.4100,0.4800
A100843,4,7.39,3.30,0.889,0.1600,0.7500
A100844,4,14.44,5.24,1.000,0.2350,0.6450
A100845,4,10.82,2.87,0.889,0.2900,0.6250
A100846,4,8.43,2.64,0.944,0.0550,0.8000
A100847,4,6.25,1.92,0.950,0.3000,0.6750
A100848,4,9.21,2.64,1.000,0.2650,0.5350
A100849,4,8.13,3.06,0.938,0.0550,0.8100
A100850,4,6.25,1.45,0.944,0.3650,0.5650
A100851,4,4.52,1.52,0.947,0.5650,0.4800
A100852,4,7.62,2.50,1.000,0.1450,0.6100
A100853,4,6.50,2.48,1.000,0.0800,0.6450
A100854,4,5.92,2.25,0.938,0.3300,0.7200
A100855,4,5.36,1.78,0.947,0.1700,0.6450
A100856,4,5.18,1.68,1.000,0.2850,0.7050
A100857,4,8.08,3.20,1.000,0.1850,0.7500
A100858,4,334.82,54.69,0.688,0.8450,0.9800
A100860,4,21.57,5.49,0.944,0.4900,0.3600
A100861,4,8.35,3.43,0.895,0.1400,0.6800
A100862,4,31.26,8.88,1.000,0.4200,0.7650
A100863,4,5.58,1.68,0.950,0.2950,0.7150
A100864,4,4.22,1.61,0.950,0.4150,0.6950
A100865,4,15.65,3.91,0.938,0.1950,0.5950
A100866,4,12.97,3.53,0.950,0.3300,0.4800
A100867,4,8.15,2.57,0.944,0.0850,0.8200
A100868,4,4.68,1.52,1.000,0.2650,0.6100
A100869,4,3.96,1.35,1.000,0.4500,0.6050
A100870,4,6.43,1.69,1.000,0.1250,0.5950
A100871,4,14.96,5.79,0.944,0.2850,0.6250
A100872,4,10.60,2.15,0.950,0.2950,0.6400
A100873,4,4.48,1.12,0.947,0.6000,0.5550
A100874,4,6.92,2.35,0.944,0.0800,0.7850
A100875,4,7.64,1.99,0.947,0.4350,0.5050
A100876,4,5.70,2.01,1.000,0.2650,0.6500
A100877,4,5.14,1.35,1.000,0.2850,0.5650
A100879,4,9.17,3.31,0.941,0.1050,0.7400
A100880,4,8.68,2.94,0.889,0.3450,0.5850
A100881,4,8.53,2.04,1.000,0.2650,0.5250
A100882,4,7.02,1.96,0.950,0.2300,0.6400
A100883,4,15.41,3.42,0.947,0.7550,0.3750
A100884,4,6.76,2.22,0.850,0.3600,0.5600
A100886,4,36.34,8.72,0.947,0.4250,0.3750
A100887,4,27.63,9.26,0.944,0.3000,0.4700
A100888,4,8.39,2.58,0.941,0.3250,0.5950
A100889,4,22.25,6.26,0.950,0.5550,0.4650
A100890,4,4.09,1.72,0.938,0.5200,0.6100
A100891,4,10.74,3.72,0.944,0.2250,0.6600
A100893,4,11.78,3.85,0.941,0.1900,0.7700
A100894,4,27.49,7.50,0.947,0.3700,0.4300
A100896,4,6.31,2.57,0.941,0.3550,0.6300
A100897,4,24.20,5.90,0.833,0.5900,0.5500
A100898,4,8.40,2.62,0.944,0.1800,0.7300
A100899,4,8.27,3.33,0.941,0.1500,0.7200
A100901,4,16.21,4.84,0.938,0.3650,0.5200
A100902,4,4.84,1.68,1.000,0.4900,0.5700
A100903,4,15.15,5.41,0.947,0.3150,0.5250
A100906,4,11.55,3.94,0.944,0.3250,0.7700
A100907,4,33.86,7.08,0.882,0.5550,0.4600
A100908,4,17.46,6.48,0.938,0.4450,0.5950
A100909,4,7.60,2.02,0.944,0.1750,0.7250
A100910,4,4.97,1.61,1.000,0.3850,0.6500
A100911,4,8.22,3.36,0.944,0.3950,0.5800
A100912,4,6.92,2.50,0.950,0.0750,0.8050
A100913,4,4.90,1.67,1.000,0.1750,0.6300
A100914,4,4.80,1.99,1.000,0.2300,0.7400
A100916,4,6.52,1.74,0.941,0.5350,0.5350
A100917,4,24.77,7.32,0.900,0.4050,0.3700
A100918,4,7.83,2.43,1.000,0.3050,0.5050
A100919,4,6.31,2.25,0.950,0.2400,0.6550
A100920,4,7.15,2.47,1.000,0.1950,0.7150
A100921,4,6.81,2.59,0.950,0.0450,0.6750
A100922,4,5.61,1.93,0.950,0.3750,0.6650
A100923,4,6.03,2.23,1.000,0.1500,0.6250
A100924,4,10.83,3.21,0.947,0.2700,0.5500
A100925,4,6.77,2.01,0.941,0.3100,0.7650
A100926,4,7.76,3.21,0.947,0.3350,0.6250
A100927,4,6.39,2.41,1.000,0.1250,0.7750
A100928,4,8.99,2.92,0.944,0.3050,0.6100
A100929,4,6.98,2.00,0.889,0.6800,0.5300
A100930,4,4.94,1.63,0.944,0.1150,0.7200
A100931,4,4.60,1.70,1.000,0.1650,0.7050
A100932,4,4.77,1.19,0.895,0.3650,0.5350
A100933,4,11.25,3.47,0.947,0.0300,0.8400
A100934,4,7.27,2.14,0.889,0.5200,0.4650
A100935,4,77.82,15.97,1.000,0.5150,0.9100
A100936,4,4.66,1.80,0.944,0.5150,0.5850
A100937,4,9.77,2.81,1.000,0.1250,0.5300
A100938,4,26.62,7.73,1.000,0.3350,0.4650
A100939,4,6.29,1.46,0.947,0.2450,0.5650
A100942,4,23.63,4.93,0.947,0.3350,0.4500
A100943,4,5.85,1.83,0.947,0.2700,0.6650
A100944,4,16.81,5.10,0.947,0.3850,0.4950
A100947,4,7.21,1.82,0.947,0.5150,0.6350
A100948,4,4.44,1.52,0.950,0.4500,0.7250
A100949,4,5.46,2.15,1.000,0.3450,0.6250
A100950,4,6.68,2.58,0.938,0.1850,0.7250
A100951,4,16.60,3.81,0.944,0.4550,0.4850
A100952,4,9.54,3.11,0.947,0.2450,0.5250
A100953,4,28.04,10.04,0.938,0.2650,0.5150
A100954,4,10.03,2.87,0.947,0.2900,0.6850
A100955,4,38.47,10.57,0.947,0.4350,0.3900
A100956,4,9.07,3.24,0.947,0.1050,0.5900
A100958,4,5.50,1.57,0.941,0.7450,0.5400
A100959,4,10.36,3.77,1.000,0.1800,0.4800
A100960,4,32.17,10.64,1.000,0.3750,0.5000
A100961,4,8.57,3.37,0.941,0.3250,0.6400
A100962,4,5.93,2.37,0.938,0.0900,0.8100
A100963,4,4.77,1.97,0.889,0.5450,0.6300
A100964,4,6.14,1.47,0.950,0.2350,0.5200
A100965,4,10.87,4.12,0.944,0.1850,0.6350
A100966,4,17.63,4.30,0.938,0.1250,0.6100
A100967,4,7.88,3.04,0.889,0.1350,0.7900
A100968,4,5.31,2.27,0.895,0.1650,0.6800
A100969,4,5.85,2.12,1.000,0.1350,0.8000
A100970,4,10.37,3.49,0.938,0.1350,0.7200
A100971,4,5.49,1.52,0.889,0.4950,0.5450
A100972,4,9.13,2.71,0.950,0.2800,0.5550
A100973,4,8.15,1.79,0.944,0.5900,0.4950
A100974,4,10.32,3.28,1.000,0.2350,0.5550
A100975,4,7.04,2.02,1.000,0.1500,0.7800
A100976,4,9.41,2.47,0.947,0.1700,0.6100
A100977,4,10.99,3.87,1.000,0.4500,0.7050
A100978,4,34.69,10.73,0.941,0.3300,0.4100
A100979,4,6.95,2.63,0.944,0.0850,0.8400
A100980,4,6.66,2.78,0.944,0.2450,0.8450
A100981,4,5.28,2.10,1.000,0.3200,0.5600
A100982,4,5.96,1.66,0.900,0.4450,0.6500
A100983,4,28.61,6.52,0.889,0.4000,0.4200
A100984,4,5.10,1.36,0.950,0.5150,0.5200
A100985,4,4.60,1.82,1.000,0.3600,0.6000
A100986,4,5.57,1.59,0.944,0.6250,0.5350
A100987,4,5.86,2.36,0.938,0.4350,0.6500
A100989,4,9.34,3.30,0.875,0.5550,0.3950
A100990,4,9.15,3.00,0.944,0.2200,0.5650
A100991,4,6.23,2.02,1.000,0.0400,0.8150
A100992,4,28.17,5.10,0.944,0.4400,0.3800
A100993,4,9.92,3.28,0.900,0.5100,0.5900
A100994,4,3.76,0.89,0.950,0.3750,0.5500
A100995,4,5.42,1.98,0.944,0.2050,0.6750
A100996,4,34.05,9.05,1.000,0.4850,0.3900
A100997,4,12.36,4.02,0.950,0.2350,0.5650
A100998,4,6.44,1.74,1.000,0.3200,0.5100
A100999,4,7.35,2.23,0.895,0.5900,0.6150
A101000,4,7.20,1.84,1.000,0.4150,0.4500
A101001,4,9.82,3.84,0.941,0.1100,0.7500
A101002,4,8.01,1.99,0.900,0.7050,0.4500
A101003,4,7.04,2.08,0.941,0.5150,0.4850
A101004,4,14.25,3.44,0.947,0.2100,0.5850
A101005,4,8.36,1.49,0.941,0.1300,0.5950
A101006,4,6.65,2.30,1.000,0.3750,0.5600
A101007,4,10.10,3.32,0.944,0.1550,0.6200
A101008,4,5.40,1.57,0.947,0.2100,0.6300
A101009,4,6.16,2.33,1.000,0.4900,0.5600
A101010,4,49.59,14.85,0.941,0.5050,0.3100
A101011,4,116.40,13.59,0.944,0.4500,0.1650
A101012,4,7.38,2.94,0.895,0.3450,0.5550
A101013,4,7.52,2.19,0.950,0.2650,0.5750
A101014,4,22.94,8.31,1.000,0.4500,0.5450
A101015,4,6.87,2.39,1.000,0.3000,0.5850
A101016,4,38.23,9.29,1.000,0.4900,0.6500
A101017,4,11.67,3.95,0.941,0.2150,0.6400
A101018,4,6.52,2.55,0.889,0.5200,0.6650
A101019,4,5.71,2.28,0.947,0.3250,0.6000
A101020,4,6.52,2.33,0.875,0.6150,0.5600
A101021,4,20.01,5.40,0.842,0.5650,0.4850
A101022,4,5.09,1.85,0.950,0.4000,0.6000
A101023,4,7.39,1.88,0.950,0.1700,0.6050
A101024,4,5.61,1.48,0.895,0.2950,0.6400
A101025,4,12.92,5.01,0.941,0.1600,0.5650
A101026,4,6.62,1.96,0.875,0.6900,0.5700
A101027,4,5.49,1.89,1.000,0.1150,0.6900
A101031,4,9.39,1.96,0.900,0.3450,0.5950
A101033,4,5.48,1.88,0.944,0.2000,0.5800
A101035,4,5.08,1.83,0.941,0.4900,0.5100
A101036,4,4.67,1.39,0.941,0.5500,0.5400
A101037,4,6.11,1.95,0.944,0.1100,0.7550
A101038,4,6.49,2.35,0.941,0.1900,0.6450
A101039,4,27.02,10.03,1.000,0.4350,0.6000
A101040,4,8.26,2.55,1.000,0.3850,0.6200
A101041,4,51.06,5.26,0.941,0.4650,0.2800
A101042,4,30.76,7.77,0.950,0.4600,0.4400
A101043,4,35.27,8.78,1.000,0.5550,0.5200
A101044,4,5.57,1.82,0.895,0.3350,0.7700
A101045,4,47.38,10.93,0.895,0.4650,0.3400
A101046,4,7.47,2.44,0.938,0.4300,0.6900
A101047,4,131.76,7.70,0.889,0.5200,0.3800
A101048,4,6.17,1.67,0.895,0.6600,0.5650
A101049,4,28.33,7.68,0.941,0.4200,0.4300
A101050,4,23.36,8.77,0.812,0.5450,0.5950
A101051,4,1389.29,276.32,0.938,0.9450,1.0000
A101052,4,5.67,2.26,0.944,0.1300,0.7000
A101053,4,7.48,3.11,0.947,0.3000,0.7050
A101054,4,7.04,2.17,0.950,0.1800,0.5450
A101055,4,8.06,2.55,0.941,0.5900,0.6350
A101056,4,24.58,9.32,0.938,0.3850,0.5050
A101057,4,22.45,6.31,0.889,0.6250,0.4400
A101058,4,11.32,4.94,0.938,0.0850,0.7050
A101059,4,8.05,2.13,0.895,0.4500,0.6100
A101060,4,8.74,3.71,0.941,0.0750,0.6950
A101061,4,8.57,2.29,0.833,0.5150,0.5250
A101062,4,5.50,2.41,1.000,0.1750,0.6350
A101063,4,20.87,4.89,0.944,0.3300,0.4600
A101064,4,6.12,2.10,0.938,0.5800,0.5600
A101065,4,22.05,5.02,0.950,0.4200,0.4200
A101066,4,6.57,2.06,0.944,0.1750,0.7200
A101067,4,9.79,2.49,0.941,0.1800,0.7400
A101068,4,6.35,2.26,1.000,0.1100,0.6050
A101069,4,5.91,2.15,0.889,0.3150,0.6150
A101070,4,7.59,2.16,0.895,0.4300,0.5400
A101071,4,11.15,2.81,0.947,0.3800,0.4900
A101072,4,18.04,5.49,0.895,0.3000,0.5000
A101073,4,32.20,9.53,1.000,0.3050,0.5200
A101074,4,20.95,4.75,0.900,0.4850,0.3950
A101075,4,6.19,1.77,1.000,0.1350,0.6400
A101076,4,5.12,1.14,0.895,0.5300,0.5800
A101077,4,6.01,1.82,0.944,0.4650,0.6000
A101078,4,6.33,1.13,0.900,0.5000,0.5200
A101079,4,11.33,2.96,0.950,0.1100,0.7500
A101080,4,5.04,1.29,1.000,0.0850,0.7450
A101081,4,8.72,2.67,0.882,0.6300,0.4400
A101082,4,20.87,4.15,0.947,0.3000,0.4100
A101083,4,37.91,9.06,0.941,0.4750,0.2600
A101084,4,6.91,1.98,0.950,0.2650,0.6650
A101085,4,9.73,3.18,0.947,0.2550,0.6700
A101086,4,4.50,1.11,0.895,0.4350,0.6400
A101087,4,28.58,5.90,0.941,0.4800,0.4000
A101088,4,8.43,2.70,0.895,0.4500,0.6350
A101089,4,29.86,8.08,1.000,0.4400,0.4750
A101090,4,27.96,9.16,0.889,0.4500,0.4600
A101091,4,4.27,1.15,0.850,0.4100,0.5700
A101092,4,10.66,3.98,0.941,0.2950,0.5150
A101093,4,6.22,2.03,0.950,0.3000,0.6150
A101094,4,21.93,8.85,1.000,0.1750,0.8600
A101096,4,6.55,2.01,0.895,0.6100,0.5600
A101097,4,3.61,1.11,0.944,0.6700,0.5500
A101098,4,17.27,4.35,0.950,0.4350,0.4000
A101099,4,8.68,2.28,0.900,0.4800,0.5600
A101100,4,5.25,2.09,1.000,0.1400,0.7000
A101101,4,8.22,2.36,0.875,0.6000,0.6050
A101102,4,7.09,2.19,0.941,0.2700,0.7600
A101103,4,7.47,2.53,1.000,0.1000,0.6550
A101104,4,10.68,3.58,1.000,0.0150,0.7150
A101105,4,29.37,7.12,0.944,0.3750,0.4050
A101106,4,9.80,3.27,0.944,0.0500,0.7350
A101107,4,2.53,0.81,1.000,0.4600,0.6150
A101108,4,4.45,1.11,0.950,0.1500,0.5800
A101109,4,9.49,2.80,0.889,0.2650,0.6400
A101110,4,6.85,1.88,1.000,0.3150,0.6550
A101111,4,7.76,2.53,1.000,0.3600,0.5750
A101112,4,12.26,4.68,0.941,0.4300,0.6450
A101113,4,9.48,2.64,0.812,0.5900,0.4550
A101114,4,7.75,2.77,0.950,0.1400,0.6500
A101116,4,15.83,5.58,0.944,0.4050,0.4250
A101117,4,10.02,4.20,0.950,0.0500,0.8050
A101118,4,9.08,3.56,1.000,0.4800,0.5200
A101119,4,11.18,3.42,0.812,0.6850,0.4900
A101120,4,27.09,7.22,0.938,0.4200,0.4900
A101121,4,43.90,13.19,1.000,0.4500,0.4100
A101123,4,8.16,2.47,0.889,0.0650,0.6800
A101124,4,5.48,1.52,0.947,0.6350,0.4550
A101126,4,6.34,1.89,1.000,0.2000,0.5800
A101127,4,4.92,1.61,0.882,0.6900,0.5400
A101128,4,85.05,40.05,1.000,0.7250,0.9050
A101129,4,5.29,1.81,1.000,0.1600,0.6800
A101130,4,6.55,2.04,0.882,0.6400,0.5600
A101131,4,5.26,2.01,0.944,0.1950,0.6900
A101132,4,7.91,2.18,0.889,0.4350,0.5800
A101133,4,8.88,2.45,0.944,0.1650,0.5950
A101134,4,7.62,2.71,0.941,0.2600,0.6800
A101135,4,6.49,1.93,0.842,0.4700,0.5300
A101137,4,10.25,3.90,0.947,0.1100,0.7450
A101138,4,57.01,12.73,1.000,0.6350,0.7200
A101139,4,8.03,2.10,0.941,0.0700,0.6300
A101141,4,9.01,2.74,0.944,0.6250,0.5250
A101142,4,6.10,1.51,1.000,0.2500,0.5700
A101143,4,5.97,1.95,1.000,0.3950,0.4800
A101145,4,32.32,7.27,1.000,0.3500,0.4500
A101147,4,10.85,2.95,0.950,0.4000,0.5400
A101148,4,5.97,1.73,0.950,0.4800,0.4200
A101149,4,13.48,3.16,0.947,0.3200,0.4750
A101151,4,8.97,2.51,0.947,0.2850,0.6450
A101152,4,9.53,3.85,0.944,0.0950,0.6800
A101153,4,5.48,1.81,0.944,0.7000,0.4700
A101154,4,12.45,5.23,0.944,0.2850,0.7350
A101155,4,7.58,2.48,0.947,0.3150,0.5650
A101156,4,4.08,1.29,0.950,0.3800,0.6750
A101157,4,23.28,4.88,0.950,0.3950,0.4200
A101158,4,7.88,2.30,0.950,0.2900,0.6350
A101159,4,6.20,1.77,1.000,0.2800,0.5450
A101160,4,4.96,1.87,0.895,0.3750,0.5700
A101161,4,6.68,2.40,0.947,0.2400,0.7150
A101163,4,7.86,3.10,1.000,0.2350,0.5250
A101164,4,6.12,1.84,0.950,0.6600,0.5100
A101165,4,15.88,6.02,1.000,0.3800,0.5100
A101166,4,7.47,2.35,0.947,0.1450,0.5400
A101167,4,24.00,6.48,1.000,0.3550,0.3500
A101168,4,28.56,7.27,0.895,0.5600,0.4150
A101169,4,5.72,2.05,1.000,0.1750,0.7850
A101170,4,22.10,6.18,0.895,0.4600,0.3850
A101172,4,4.03,1.63,0.938,0.3500,0.5900
A101173,4,7.96,2.10,1.000,0.4150,0.5450
A101174,4,7.18,3.04,0.900,0.1100,0.5550
A101176,4,8.12,3.59,1.000,0.1550,0.6600
A101177,4,8.93,3.34,0.941,0.1200,0.7350
A101179,4,8.34,2.31,0.950,0.1200,0.7050
A101180,4,18.98,4.52,0.895,0.4850,0.3750
A101181,4,40.28,5.33,0.800,0.4450,0.4000
A101182,4,11.15,4.87,0.882,0.2250,0.7300
A101183,4,4.68,1.40,1.000,0.2850,0.5800
A101184,4,15.04,2.46,0.824,0.5050,0.5100
A101186,4,24.06,5.08,0.947,0.4250,0.4350
A101187,4,8.62,2.56,0.944,0.2800,0.6100
A101188,4,7.42,2.55,1.000,0.0800,0.6750
A101189,4,7.09,2.38,1.000,0.4500,0.5050
A101190,4,415.85,79.32,0.882,0.8800,0.9850
A101191,4,5.24,1.38,0.944,0.2850,0.5650
A101192,4,6.45,1.14,0.895,0.7300,0.5300
A101193,4,4.57,1.39,0.938,0.3200,0.6600
A101194,4,7.42,1.87,0.895,0.1450,0.6050
A101195,4,5.81,1.47,1.000,0.3250,0.6450
A101196,4,5.28,2.02,1.000,0.4150,0.6150
A101197,4,23.84,6.42,0.950,0.4550,0.4550
A101198,4,64.82,8.21,0.833,0.5300,0.2800
A101199,4,6.73,2.31,0.895,0.3900,0.5700
A101200,4,11.44,2.74,0.944,0.2550,0.5950
A101201,4,20.71,4.95,0.947,0.4750,0.4100
A101202,4,8.07,1.87,0.950,0.3850,0.6100
A101203,4,10.01,3.64,0.941,0.3200,0.7000
A101204,4,4.71,1.65,0.895,0.4250,0.4900
A101205,4,21.69,6.45,0.895,0.5000,0.3400
A101206,4,12.28,3.28,0.950,0.3650,0.6450
A101207,4,9.67,2.81,0.947,0.1600,0.5550
A101208,4,13.80,3.07,0.950,0.5050,0.5350
A101209,4,8.91,1.98,0.944,0.5350,0.5000
A101210,4,5.67,2.14,0.950,0.5200,0.5000
A101211,4,5.89,1.66,0.947,0.2450,0.5200
A101212,4,7.00,2.27,0.900,0.4350,0.4950
A101213,4,9.01,2.59,1.000,0.1050,0.7150
A101214,4,5.73,1.72,0.842,0.4950,0.6600
A101215,4,16.84,4.36,0.944,0.4200,0.4650
A101216,4,10.05,2.45,0.947,0.5750,0.4250
A101217,4,8.76,3.28,0.947,0.2200,0.7200
A101218,4,17.39,3.48,0.889,0.3550,0.4500
A101219,4,18.48,5.93,0.941,0.1950,0.5500
A101220,4,4.48,1.51,1.000,0.2850,0.6250
A101221,4,10.00,3.24,0.944,0.1000,0.6500
A101222,4,18.20,5.51,0.889,0.4400,0.5050
A101223,4,14.26,4.68,0.895,0.4750,0.5350
A101224,4,13.62,3.64,0.941,0.4150,0.6250
A101225,4,8.35,2.27,1.000,0.3050,0.4850
A101226,4,4.55,1.37,0.938,0.3650,0.5900
A101227,4,25.59,4.83,0.944,0.4350,0.2900
A101228,4,4.44,1.33,0.947,0.4250,0.6200
A101229,4,3.18,1.26,0.900,0.4250,0.6100
A101230,4,8.28,3.03,0.941,0.2800,0.5300
A101231,4,16.07,5.21,0.941,0.1700,0.6000
A101232,4,7.41,2.39,0.947,0.1350,0.7450
A101233,4,16.17,7.00,0.889,0.2400,0.6550
A101234,4,19.35,5.67,0.947,0.4500,0.4300
A101236,4,5.32,1.75,0.944,0.3700,0.6300
A101237,4,42.43,5.49,0.941,0.4100,0.2650
A101238,4,7.27,2.38,1.000,0.3700,0.4950
A101239,4,6.44,1.75,0.950,0.1550,0.5500
A101241,4,25.43,5.49,0.842,0.6100,0.4750
A101242,4,6.08,2.26,0.875,0.4850,0.5550
A101243,4,6.47,1.91,0.941,0.2550,0.6850
A101244,4,31.73,6.12,0.950,0.4300,0.6050
A101245,4,9.90,2.44,0.947,0.1400,0.7150
A101246,4,8.22,2.23,0.882,0.4800,0.7250
A101247,4,5.19,1.36,1.000,0.2550,0.5650
A101248,4,8.61,2.58,1.000,0.1750,0.5450
A101249,4,8.46,2.39,0.900,0.5800,0.5150
A101250,4,5.34,1.72,0.895,0.3700,0.6250
A101252,4,8.38,2.19,0.947,0.2900,0.5850
A101253,4,35.73,10.25,0.944,0.4200,0.3500
A101254,4,6.46,2.59,0.944,0.1950,0.7650
A101255,4,5.95,1.99,0.944,0.3450,0.6250
A101256,4,21.14,6.87,0.900,0.3500,0.5700
A101257,4,5.52,1.44,1.000,0.2750,0.5650
A101259,4,4.70,1.70,1.000,0.1750,0.6850
A101260,4,11.46,4.11,1.000,0.0800,0.5650
A101261,4,7.33,2.15,0.947,0.2750,0.5400
A101262,4,28.69,6.99,0.950,0.4150,0.4250
A101263,4,31.06,10.61,1.000,0.3650,0.5000
A101264,4,38.26,9.79,1.000,0.4800,0.5650
A101265,4,4.92,1.20,0.900,0.6550,0.4800
A101266,4,6.75,2.37,1.000,0.4050,0.5300
A101267,4,23.13,4.60,0.947,0.3000,0.5650
A101268,4,9.20,2.22,0.889,0.5250,0.5050
A101269,4,5.29,1.32,0.950,0.2850,0.6550
A101270,4,6.76,1.90,1.000,0.3850,0.5600
A101271,4,4.53,1.45,0.938,0.5350,0.5150
A101272,4,3.51,0.96,0.900,0.5450,0.5050
A101273,4,8.72,2.73,0.947,0.3550,0.4700
A101274,4,10.24,4.12,0.941,0.0850,0.6700
A101275,4,4.71,1.68,0.938,0.2200,0.6400
A101277,4,9.15,2.72,1.000,0.2700,0.5200
A101278,4,3.59,1.10,0.947,0.5900,0.4700
A101279,4,39.23,11.66,0.941,0.4300,0.4050
A101280,4,9.25,3.63,1.000,0.2900,0.6250
A101281,4,6.50,2.32,0.882,0.4850,0.5200
A101282,4,5.64,1.42,0.944,0.3700,0.5350
A101283,4,7.28,2.20,0.944,0.3600,0.4850
A101284,4,7.95,2.65,0.944,0.2050,0.6550
A101285,4,15.39,3.85,0.947,0.3100,0.4800
A101286,4,4.78,1.63,1.000,0.2550,0.4900
A101287,4,6.57,2.53,0.944,0.1400,0.6000
A101288,4,10.50,2.83,0.947,0.3800,0.6100
A101289,4,3.59,0.98,1.000,0.3800,0.5600
A101290,4,8.85,3.27,0.895,0.3900,0.5750
A101291,4,6.88,2.54,0.900,0.3850,0.6850
A101292,4,4.91,1.48,1.000,0.3450,0.6200
A101293,4,6.45,2.40,0.941,0.0950,0.6500
A101294,4,6.04,2.58,1.000,0.2800,0.7350
A101295,4,26.74,7.97,0.938,0.3450,0.5150
A101296,4,5.81,1.44,0.882,0.6450,0.5700
A101297,4,17.97,6.77,0.950,0.2500,0.5300
A101298,4,7.73,2.27,0.941,0.1000,0.8350
A101299,4,18.05,3.30,0.900,0.5750,0.4300
A101300,4,6.01,1.28,0.947,0.4600,0.6500
A101301,4,8.46,2.22,0.938,0.2900,0.5900
A101303,4,6.43,1.91,1.000,0.2500,0.5750
A101304,4,13.44,3.43,0.938,0.2950,0.5750
A101305,4,15.77,4.61,0.944,0.2450,0.6050
A101306,4,6.68,1.90,0.947,0.7500,0.5150
A101307,4,30.18,6.51,0.944,0.3950,0.3700
A101308,4,5.51,1.65,0.900,0.5850,0.5800
A101309,4,7.85,2.59,0.889,0.2500,0.5800
A101310,4,5.59,1.62,0.944,0.1650,0.5650
A101311,4,49.75,5.66,0.789,0.6500,0.5450
A101312,4,6.41,2.55,0.900,0.4200,0.7800
A101314,4,12.53,4.71,0.944,0.0600,0.7050
A101315,4,29.35,8.57,0.947,0.3950,0.4500
A101316,4,12.11,4.31,1.000,0.1550,0.6100
A101317,4,26.94,6.09,0.895,0.5000,0.4650
A101318,4,6.36,1.45,1.000,0.2450,0.5650
A101319,4,7.27,2.46,0.895,0.6200,0.4900
A101321,4,7.99,2.48,0.950,0.0850,0.8150
A101322,4,11.44,3.53,0.944,0.1600,0.5550
A101323,4,6.33,1.83,0.944,0.3900,0.5400
A101324,4,5.13,1.34,0.950,0.5250,0.5450
A101325,4,7.57,1.70,0.944,0.7500,0.6050
A101327,4,6.57,1.57,0.944,0.2500,0.7150
A101328,4,9.18,2.45,1.000,0.3650,0.5050
A101329,4,7.06,2.62,0.938,0.1550,0.7650
A101330,4,3.69,1.02,1.000,0.4050,0.6000
A101331,4,11.73,3.28,0.944,0.3000,0.6100
A101332,4,6.02,1.54,0.947,0.5050,0.4750
A101333,4,4.22,0.99,0.895,0.4800,0.4950
A101334,4,11.79,3.55,0.947,0.2150,0.5400
A101335,4,8.45,1.93,0.947,0.7050,0.5550
A101336,4,9.84,2.72,0.941,0.3250,0.5000
A101337,4,5.93,1.57,0.941,0.3000,0.6400
A101338,4,27.08,6.32,0.900,0.4800,0.3550
A101339,4,8.27,2.49,0.875,0.5200,0.5400
A101340,4,12.64,3.89,0.944,0.3450,0.5950
A101341,4,163.51,35.63,1.000,0.8500,0.9400
A101342,4,19.22,8.47,0.941,0.1950,0.5450
A101343,4,7.50,2.50,0.947,0.2350,0.7550
A101344,4,17.35,5.59,0.950,0.2300,0.5100
A101345,4,4.27,0.98,0.944,0.5350,0.4700
A101346,4,17.14,5.34,0.944,0.4750,0.4950
A101347,4,8.20,2.46,0.947,0.3400,0.6350
A101348,4,5.38,2.04,0.944,0.2950,0.7700
A101349,4,5.57,1.63,0.944,0.2750,0.6700
A101350,4,25.06,7.01,0.900,0.4400,0.3600
A101351,4,4.87,1.36,0.889,0.7100,0.5600
A101352,4,5.69,1.60,1.000,0.2800,0.5950
A101353,4,6.31,1.88,0.941,0.2700,0.5400
A101354,4,19.33,5.04,0.944,0.4250,0.3850
A101355,4,4.26,1.40,0.944,0.4550,0.5550
A101356,4,5.52,1.63,0.950,0.5050,0.5350
A101357,4,6.37,1.90,0.941,0.7100,0.4900
A101358,4,13.30,4.38,0.941,0.2700,0.6350
A101359,4,10.29,3.04,0.889,0.3550,0.5400
A101360,4,11.15,2.78,0.950,0.2600,0.5150
A101361,4,5.01,1.54,1.000,0.2750,0.7300
A101362,4,13.83,3.40,0.947,0.1600,0.5950
A101363,4,9.71,2.72,0.941,0.4200,0.5450
A101364,4,4.16,0.85,0.944,0.4050,0.5950
A101365,4,6.20,1.42,0.895,0.6500,0.5100
A101366,4,6.21,2.19,1.000,0.3300,0.4700
A101367,4,5.06,0.98,0.947,0.2050,0.6200
A101368,4,7.15,2.22,0.938,0.2150,0.6500
A101369,4,8.96,2.66,0.895,0.4750,0.6900
A101370,4,34.61,8.09,0.895,0.4650,0.3450
A101371,4,5.07,1.19,0.895,0.5000,0.5150
A101372,4,3.82,0.86,1.000,0.2500,0.6900
A101373,4,6.97,1.50,0.944,0.5050,0.5700
A101374,4,7.87,2.50,0.944,0.5850,0.4950
A101375,4,7.67,2.68,0.944,0.1800,0.7600
A101376,4,14.03,4.57,0.941,0.3050,0.5400
A101377,4,5.05,1.80,1.000,0.4550,0.5350
A101378,4,12.60,4.45,0.950,0.2750,0.5650
A101379,4,5.68,1.47,0.941,0.4800,0.5800
A101380,4,5.91,2.69,0.941,0.1100,0.8550
A101381,4,6.17,2.09,0.944,0.1850,0.6400
A101382,4,8.21,2.51,0.950,0.1900,0.5900
A101383,4,10.06,3.08,0.944,0.2300,0.5450
A101384,4,5.77,1.89,0.947,0.6950,0.5200
A101385,4,7.28,3.05,0.900,0.3100,0.7050
A101387,4,3.97,0.91,0.941,0.1200,0.7800
A101388,4,24.90,9.65,1.000,0.3650,0.6850
A101389,4,4.79,0.97,0.947,0.3400,0.5650
A101390,4,6.67,1.71,0.882,0.5950,0.6350
A101391,4,40.88,4.72,0.947,0.4800,0.2550
A101392,4,6.20,1.94,0.941,0.2800,0.5950
A101393,4,5.71,1.59,0.938,0.3600,0.6550
A101394,4,4.70,0.93,1.000,0.3450,0.5400
A101395,4,42.72,10.81,1.000,0.5100,0.4500
A101396,4,7.68,2.01,0.950,0.5300,0.4800
A101397,4,6.90,1.48,1.000,0.3600,0.6000
A101398,4,14.01,4.52,0.882,0.1600,0.5950
A101399,4,3.06,0.98,0.944,0.5600,0.6350
A101400,4,12.39,4.15,0.947,0.2050,0.5500
A101401,4,7.35,1.55,0.944,0.0750,0.7450
A101402,4,6.58,1.64,1.000,0.1550,0.6650
A101403,4,8.80,1.77,0.895,0.6150,0.6100
A101404,4,12.10,2.70,0.950,0.1700,0.5450
A101405,4,10.69,3.53,0.944,0.3950,0.6350
A101406,4,3.72,0.93,0.950,0.3450,0.6000
A101407,4,8.50,2.19,0.941,0.3850,0.7550
A101408,4,11.45,3.02,0.842,0.5800,0.5650
A101409,4,4.92,1.05,0.947,0.2250,0.6600
A101410,4,5.07,1.59,1.000,0.3900,0.6600
A101411,4,9.10,1.66,0.900,0.5500,0.4550
A101412,4,6.15,1.60,1.000,0.2250,0.6200
A101413,4,3.21,0.72,0.941,0.6600,0.5500
A101414,4,9.72,2.27,0.944,0.4200,0.5350
A101415,4,6.98,1.91,0.941,0.3800,0.6050
A101416,4,558.24,61.65,0.765,0.9750,0.9900
A101417,4,6.68,1.66,0.950,0.1550,0.7550
A101418,4,20.02,4.89,0.895,0.4500,0.3900
A101419,4,8.83,2.41,0.944,0.3250,0.5300
A101420,4,4.26,0.83,0.900,0.5150,0.4500
A101421,4,6.98,1.84,0.895,0.5450,0.5500
A101422,4,3.60,0.86,0.900,0.4600,0.6150
A101425,4,6.71,2.69,0.941,0.3250,0.6150
A101427,4,9.68,3.34,0.947,0.1850,0.5700
A101428,4,6.24,1.78,0.950,0.1500,0.6400
A101429,4,3.21,0.83,1.000,0.4450,0.5750
A101430,4,7.18,1.58,0.824,0.5000,0.5150
A101431,4,9.27,1.93,0.938,0.2900,0.6150
A101432,4,12.80,3.30,1.000,0.3900,0.4600
A101434,4,3.00,0.87,0.900,0.5300,0.6200
A101435,4,5.28,1.76,1.000,0.3500,0.5750
A101436,4,8.51,1.51,0.895,0.5100,0.5650
A101438,4,5.02,1.87,1.000,0.2350,0.7250
A101439,4,8.06,2.52,1.000,0.4350,0.5650
A101440,4,5.48,1.48,1.000,0.3150,0.5150
A101441,4,27.34,6.37,0.882,0.5750,0.4750
A101442,4,4.67,1.08,0.947,0.1150,0.7500
A101443,4,8.20,2.37,1.000,0.3900,0.5250
A101444,4,5.89,1.20,0.947,0.3800,0.4600
A101445,4,19.78,5.64,0.875,0.8050,0.3650
A101447,4,6.44,2.15,1.000,0.3200,0.5250
A101448,4,12.07,2.20,0.944,0.3600,0.6400
A101449,4,17.18,2.18,0.950,0.3700,0.4400
A101450,4,5.98,1.48,1.000,0.2950,0.6000
A101451,4,4.97,1.43,0.944,0.6900,0.4950
A101452,4,6.16,1.94,1.000,0.1150,0.6600
A101453,4,6.08,1.67,1.000,0.3300,0.5150
A101454,4,9.63,3.32,0.941,0.1250,0.6300
A101455,4,18.54,4.98,0.938,0.2800,0.5900
A101456,4,4.51,1.33,1.000,0.4400,0.5200
A101457,4,7.98,1.90,0.882,0.4600,0.5950
A101458,4,6.44,1.71,0.950,0.2300,0.5800
A101459,4,5.26,1.82,0.938,0.3200,0.6650
A101460,4,6.00,1.84,0.889,0.4650,0.6200
A101461,4,5.89,1.60,0.944,0.2850,0.5700
A101462,4,10.43,4.24,0.938,0.0700,0.7350
A101463,4,5.97,1.14,0.944,0.5900,0.5750
A101464,4,9.12,1.95,0.950,0.6450,0.4300
A101465,4,6.47,1.51,0.947,0.4050,0.5500
A101466,4,5.84,1.63,0.944,0.7800,0.5450
A101468,4,5.31,1.49,1.000,0.3850,0.5300
A101469,4,5.83,1.71,0.947,0.1200,0.6700
A101470,4,8.76,3.03,0.889,0.4650,0.6850
A101471,4,4.54,1.25,0.950,0.3150,0.6550
A101472,4,11.29,2.36,0.941,0.1200,0.6550
A101473,4,4.69,1.17,0.950,0.3800,0.5900
A101474,4,5.97,1.79,1.000,0.1450,0.6000
A101475,4,17.38,4.89,0.882,0.4750,0.4900
A101476,4,3.97,1.16,0.947,0.1550,0.7750
A101477,4,9.65,2.54,0.941,0.3150,0.6800
A101478,4,24.58,5.39,0.895,0.6350,0.4400
A101479,4,33.46,12.29,1.000,0.2800,0.7500
A101480,4,4.73,1.17,1.000,0.3050,0.5350
A101481,4,4.99,1.26,0.944,0.2400,0.5800
A101482,4,25.91,6.58,0.895,0.3650,0.4400
A101483,4,6.34,1.64,0.947,0.2450,0.5250
A101486,4,5.51,1.82,1.000,0.3250,0.6800
A101487,4,7.81,2.02,0.947,0.2150,0.5650
A101488,4,4.85,1.42,1.000,0.4250,0.5750
A101489,4,7.83,2.22,0.944,0.2450,0.7050
A101490,4,35.45,5.21,0.850,0.4950,0.2950
A101491,4,4.92,1.69,1.000,0.1500,0.6900
A101493,4,4.52,1.24,0.944,0.6350,0.5850
A101494,4,7.15,1.84,0.950,0.4250,0.6300
A101495,4,14.10,2.92,1.000,0.2100,0.5950
A101496,4,4.88,1.34,0.950,0.3250,0.6100
A101497,4,4.87,1.12,0.895,0.5800,0.6050
A101498,4,4.39,0.97,1.000,0.2500,0.5150
A101499,4,6.57,1.64,0.941,0.2100,0.6450
A101500,4,72.32,13.51,0.895,0.7350,0.6950
A101501,4,51.49,11.95,0.947,0.5400,0.5150
A101502,4,8.33,2.23,0.938,0.2450,0.7200
A101503,4,3.85,1.15,0.947,0.2650,0.6300
A101504,4,14.77,4.11,1.000,0.1900,0.5100
A101505,4,7.23,1.87,0.950,0.1650,0.6100
A101506,4,3.94,1.51,0.941,0.4150,0.5300
A101507,4,5.79,1.45,0.941,0.7100,0.4700
A101508,4,5.17,0.96,0.947,0.5600,0.5450
A101509,4,6.58,1.43,0.944,0.2000,0.6400
A101510,4,19.09,5.07,0.944,0.4000,0.4050
A101512,4,3.34,0.93,0.944,0.5400,0.6400
A101513,4,4.86,1.36,1.000,0.2900,0.5000
A101514,4,6.21,1.86,0.889,0.4900,0.5800
A101515,4,18.41,4.98,0.944,0.3150,0.5050
A101516,4,6.57,1.74,1.000,0.3400,0.5650
A101517,4,7.57,1.79,0.947,0.2400,0.6450
A101518,4,5.79,1.65,1.000,0.3600,0.4800
A101519,4,6.34,2.14,1.000,0.3000,0.6000
A101520,4,27.03,7.94,0.944,0.3250,0.4400
A101521,4,3.77,1.07,0.950,0.5500,0.5350
A101523,4,10.59,2.69,0.950,0.0600,0.6400
A101525,4,3.52,0.97,0.950,0.4600,0.5350
A101526,4,7.09,1.57,0.900,0.6900,0.5800
A101527,4,8.14,1.67,0.900,0.5100,0.5100
A101528,4,42.65,8.53,0.941,0.4600,0.3400
A101529,4,10.05,4.07,0.950,0.1750,0.5700
A101530,4,15.72,4.24,0.944,0.4550,0.5050
A101531,4,25.84,7.64,1.000,0.3950,0.5200
A101532,4,4.20,1.03,0.950,0.7000,0.5150
A101533,4,4.54,1.39,0.947,0.3400,0.5900
A101534,4,21.03,6.49,0.944,0.4050,0.4050
A101535,4,4.14,1.56,0.950,0.2450,0.6700
A101537,4,13.00,2.13,0.941,0.4600,0.4700
A101538,4,6.60,1.62,0.947,0.2750,0.7500
A101539,4,12.31,3.62,0.895,0.1500,0.6450
A101540,4,6.12,1.69,0.947,0.2100,0.7450
A101541,4,9.39,4.22,0.941,0.1400,0.5850
A101543,4,35.17,7.19,0.895,0.5000,0.4050
A101544,4,20.93,6.19,0.882,0.4600,0.5450
A101545,4,3.81,1.41,0.950,0.2800,0.6550
A101546,4,10.02,2.59,0.895,0.5200,0.5450
A101547,4,12.88,3.78,0.889,0.5500,0.6150
A101549,4,4.99,1.22,1.000,0.1650,0.6550
A101550,4,7.35,1.97,0.950,0.3700,0.4900
A101551,4,8.52,2.27,0.947,0.4500,0.4600
A101553,4,5.52,1.63,0.889,0.4200,0.6800
A101554,4,5.52,1.05,0.950,0.3500,0.6150
A101555,4,9.30,2.17,0.941,0.2100,0.5300
A101556,4,37.41,8.97,0.944,0.4650,0.3350
A101557,4,7.94,1.89,0.944,0.3950,0.5500
A101558,4,74.10,17.39,1.000,0.7400,0.8850
A101559,4,4.88,1.47,0.947,0.3700,0.5850
A101560,4,16.21,3.16,0.947,0.4250,0.5300
A101561,4,13.99,4.21,1.000,0.4150,0.4350
A101562,4,4.93,1.07,0.900,0.4300,0.5050
A101563,4,9.69,3.11,0.941,0.1750,0.6350
A101564,4,26.45,5.79,0.895,0.4550,0.3450
A101565,4,3.65,0.96,0.950,0.2400,0.6300
A101566,4,5.43,1.94,0.944,0.6950,0.4950
A101568,4,7.25,1.86,0.895,0.7300,0.4500
A101569,4,10.42,2.61,0.947,0.2050,0.5100
A101570,4,9.10,2.38,0.947,0.1750,0.6200
A101571,4,5.40,1.59,0.947,0.6950,0.5350
A101572,4,5.40,1.71,0.895,0.5200,0.6200
A101573,4,40.04,13.80,1.000,0.4700,0.8100
A101574,4,6.38,1.61,0.895,0.4650,0.4850
A101575,4,17.29,4.55,0.950,0.3150,0.4200
A101576,4,13.96,3.93,0.938,0.2150,0.5750
A101577,4,18.75,6.08,0.938,0.2100,0.6000
A101579,4,5.92,1.60,0.941,0.5650,0.5900
A101581,4,5.30,1.55,1.000,0.4150,0.5350
A101582,4,11.13,2.88,0.941,0.0800,0.6450
A101583,4,7.75,2.00,0.944,0.2400,0.5600
A101584,4,5.53,1.29,1.000,0.3250,0.5050
A101586,4,8.09,2.93,0.944,0.2400,0.6150
A101587,4,4.38,1.10,0.941,0.6550,0.4450
A101588,4,16.77,3.13,0.889,0.4400,0.4500
A101590,4,57.69,10.78,0.950,0.4650,0.2950
A101591,4,3.70,0.56,0.947,0.3800,0.5350
A101592,4,6.49,2.36,0.944,0.6500,0.4350
A101593,4,9.69,2.70,0.900,0.2350,0.5900
A101594,4,3.84,0.99,0.944,0.3300,0.6900
A101595,4,7.31,1.56,0.950,0.2550,0.5700
A101597,4,10.34,2.68,0.950,0.3100,0.4900
A101598,4,5.47,1.34,0.900,0.3900,0.5600
A101599,4,7.09,3.13,1.000,0.2150,0.5650
A101600,4,5.62,1.69,0.895,0.6800,0.5150
A101601,4,7.61,1.73,1.000,0.2250,0.5300
A101602,4,5.54,1.92,0.944,0.4900,0.5650
A101603,4,7.13,2.04,0.947,0.3800,0.5600
A101604,4,4.74,1.31,0.950,0.3900,0.6000
A101605,4,4.78,1.46,0.950,0.3900,0.5900
A101606,4,5.02,1.72,0.889,0.6650,0.6450
A101607,4,15.13,3.48,0.947,0.3700,0.4500
A101608,4,4.58,1.04,0.947,0.1750,0.6250
A101609,4,6.49,2.39,0.941,0.3400,0.6100
A101610,4,16.25,5.41,0.947,0.2250,0.5700
A101611,4,3.78,1.19,1.000,0.3350,0.6200
A101612,4,3.82,0.89,0.947,0.5200,0.5750
A101613,4,12.06,3.64,1.000,0.1500,0.5750
A101614,4,5.07,1.09,0.938,0.7250,0.5000
A101615,4,11.13,3.39,0.950,0.1300,0.6100
A101616,4,13.47,2.19,0.944,0.4900,0.4350
A101617,4,3.49,1.25,0.947,0.4150,0.5450
A101618,4,9.48,2.27,0.889,0.4550,0.5500
A101619,4,9.12,2.17,0.900,0.5650,0.5800
A101620,4,10.86,1.82,0.941,0.3950,0.5450
A101621,4,13.59,3.02,0.947,0.2700,0.4950
A101622,4,6.89,1.86,0.895,0.5350,0.4800
A101623,4,7.97,1.99,0.938,0.2800,0.6900
A101624,4,12.29,4.45,0.882,0.2200,0.5400
A101625,4,33.26,7.26,0.944,0.4550,0.3250
A101626,4,8.42,2.96,0.938,0.3000,0.5800
A101627,4,9.75,3.15,0.900,0.1950,0.7400
A101628,4,8.30,2.36,0.947,0.2850,0.4750
A101629,4,5.40,1.40,0.947,0.3200,0.6900
A101630,4,9.16,2.31,0.944,0.2050,0.7850
A101631,4,13.51,3.66,0.947,0.2450,0.4800
A101632,4,7.77,2.18,0.947,0.6550,0.4650
A101633,4,8.03,2.32,0.944,0.1050,0.8100
A101634,4,4.79,0.97,0.947,0.2200,0.7000
A101635,4,3.13,0.76,0.947,0.2450,0.5300
A101636,4,4.11,0.96,0.944,0.2750,0.6400
A101637,4,18.37,4.20,0.882,0.5850,0.5350
A101638,4,5.69,1.37,0.944,0.4250,0.5400
A101639,4,12.10,3.16,0.895,0.5250,0.5550
A101640,4,9.42,3.16,0.947,0.1650,0.7000
A101641,4,50.98,8.76,0.938,0.4300,0.3650
A101642,4,14.26,4.99,1.000,0.1600,0.6150
A101643,4,41.62,7.36,0.950,0.4850,0.3200
A101644,4,5.50,1.61,1.000,0.2350,0.6100
A101645,4,13.69,3.81,0.947,0.2100,0.5350
A101646,4,3.44,1.06,1.000,0.1900,0.6400
A101647,4,11.99,3.22,0.947,0.1450,0.6200
A101648,4,6.99,1.77,1.000,0.2000,0.5800
A101649,4,8.00,2.23,0.950,0.3650,0.4750
A101650,4,8.53,2.38,0.950,0.4400,0.6300
A101651,4,7.71,1.41,0.944,0.6450,0.4850
A101652,4,5.02,1.11,0.947,0.4400,0.6100
A101653,4,17.71,4.74,0.941,0.2500,0.6050
A101654,4,5.46,1.65,0.944,0.5350,0.6050
A101655,4,3.83,1.09,1.000,0.3450,0.6550
A101656,4,6.26,1.79,0.895,0.5550,0.5100
A101657,4,6.36,1.97,0.900,0.7500,0.4750
A101658,4,15.22,4.47,0.938,0.3100,0.4850
A101659,4,8.41,2.75,0.944,0.3350,0.6750
A101660,4,25.61,4.66,0.947,0.3900,0.3800
A101661,4,7.09,2.09,0.950,0.2400,0.5150
A101662,4,13.02,3.80,1.000,0.2100,0.4650
A101663,4,3.97,0.99,0.947,0.2150,0.5700
A101664,4,4.29,0.96,1.000,0.3300,0.5200
A101665,4,11.77,4.60,0.941,0.3850,0.6400
A101666,4,5.16,1.69,1.000,0.3900,0.6150
A101667,4,10.74,1.85,0.842,0.5300,0.5500
A101668,4,7.78,2.48,0.950,0.2950,0.6800
A101669,4,8.14,1.72,0.950,0.2850,0.6000
A101670,4,16.83,4.13,0.938,0.4100,0.6300
A101672,4,5.22,1.57,0.950,0.3350,0.5400
A101673,4,5.58,1.84,0.950,0.3850,0.5150
A101674,4,14.20,5.70,0.941,0.4000,0.6800
A101675,4,14.40,4.82,1.000,0.3300,0.4350
A101676,4,9.36,2.97,0.944,0.1450,0.6650
A101677,4,13.16,3.15,0.941,0.1900,0.5800
A101678,4,11.74,3.12,0.944,0.2700,0.5950
A101679,4,4.49,1.15,1.000,0.3650,0.5450
A101680,4,36.20,8.70,0.944,0.4550,0.3100
A101681,4,3.10,0.82,0.950,0.5100,0.5500
A101682,4,11.53,2.65,0.947,0.2950,0.4750
A101683,4,3.37,0.80,0.889,0.5150,0.5350
A101684,4,8.83,2.99,0.842,0.4250,0.7050
A101685,4,12.37,2.62,0.889,0.2900,0.5850
A101686,4,6.74,2.69,1.000,0.2300,0.5950
A101687,4,6.93,2.15,1.000,0.2350,0.4900
A101688,4,5.04,1.30,0.895,0.1300,0.8500
A101689,4,6.15,1.47,1.000,0.3200,0.5700
A101690,4,19.85,4.17,0.950,0.3650,0.4650
A101691,4,20.49,3.84,0.947,0.3500,0.4250
A101692,4,12.94,3.80,1.000,0.1250,0.5500
A101693,4,5.87,1.77,0.941,0.5700,0.5300
A101694,4,4.03,1.52,0.950,0.3600,0.7200
A101695,4,13.80,3.72,1.000,0.2150,0.4800
A101696,4,7.95,2.46,0.944,0.2150,0.5350
A101697,4,6.25,1.94,0.895,0.5700,0.5900
A101698,4,7.29,1.83,0.950,0.0700,0.8200
A101699,4,4.99,1.27,0.950,0.1150,0.6900
A101700,4,9.81,2.42,0.882,0.5550,0.5700
A101701,4,5.20,1.70,0.941,0.1550,0.8200
A101702,4,11.51,2.77,0.950,0.2350,0.5500
A101703,4,50.61,12.76,0.889,0.4750,0.2850
A101704,4,7.40,2.13,0.882,0.5250,0.6400
A101705,4,9.59,2.86,1.000,0.1400,0.5600
A101706,4,9.34,2.45,0.947,0.3900,0.6050
A101707,4,9.82,3.17,1.000,0.1100,0.6450
A101708,4,5.07,1.32,0.938,0.6500,0.4800
A101709,4,4.20,1.02,0.950,0.7200,0.5350
A101710,4,6.41,1.69,0.947,0.5650,0.5350
A101711,4,15.79,4.51,0.895,0.5750,0.5200
A101712,4,8.09,2.43,0.944,0.2500,0.6350
A101713,4,5.78,1.94,0.950,0.2200,0.5700
A101714,4,6.62,1.65,1.000,0.1100,0.7500
A101715,4,8.07,1.80,0.941,0.3200,0.5650
A101716,4,5.78,1.16,1.000,0.2750,0.5500
A101717,4,5.62,1.17,1.000,0.3750,0.6100
A101718,4,4.33,1.43,1.000,0.2900,0.6000
A101719,4,32.13,7.23,0.900,0.6800,0.3100
A101720,4,4.59,1.51,0.941,0.2600,0.6450
A101721,4,27.98,4.47,0.947,0.5000,0.3350
A101722,4,6.26,1.69,0.938,0.2950,0.7350
A101723,4,6.16,2.07,0.950,0.2600,0.5450
A101724,4,15.17,3.56,0.950,0.3600,0.5400
A101725,4,4.34,1.13,0.850,0.5900,0.5500
A101726,4,7.61,2.62,0.947,0.2150,0.7450
A101727,4,10.34,2.51,0.900,0.6000,0.4500
A101728,4,7.44,2.24,0.941,0.4800,0.6150
A101729,4,6.61,1.67,0.889,0.5200,0.5300
A200001,5,9.68,1.53,0.950,0.3700,0.5750
A200002,5,200.22,5.85,0.850,0.4450,0.4200
A200003,5,11.43,1.84,0.889,0.2300,0.7400
A200004,5,200.11,9.88,0.947,0.4850,0.3700
A200005,5,16.26,2.54,0.944,0.2100,0.6650
A200006,5,10.87,2.08,0.889,0.1650,0.7700
A200007,5,78.35,5.56,0.889,0.5550,0.4400
A200008,5,9.29,1.33,0.950,0.3350,0.6300
A200009,5,136.81,5.94,0.947,0.5650,0.3600
A200010,5,686.35,9.50,0.889,0.4450,0.2950
A200011,5,234.63,9.63,1.000,0.5600,0.5350
A200012,5,16.12,2.82,0.941,0.1250,0.6400
A200013,5,6.25,0.94,1.000,0.3550,0.7000
A200014,5,423.33,14.60,0.833,0.6150,0.3150
A200015,5,12.45,2.31,1.000,0.2250,0.7200
A200016,5,12.00,1.51,0.950,0.3400,0.6050
A200017,5,18.17,3.26,0.938,0.2400,0.7300
A200018,5,14.51,2.01,0.944,0.4800,0.6050
A200019,5,90.22,16.21,0.941,0.4200,0.4100
A200020,5,26.73,5.09,0.941,0.3950,0.5900
A200021,5,214.62,10.74,0.947,0.4600,0.3900
A200023,5,17.44,3.36,0.947,0.2650,0.5500
A200026,5,7.53,1.47,0.947,0.4250,0.6850
A200027,5,21.01,2.58,0.944,0.6050,0.6050
A200028,5,52.09,10.26,1.000,0.3950,0.8150
A200029,5,8.80,1.17,0.900,0.4600,0.6400
A200030,5,8.81,1.37,0.950,0.5250,0.5450
A200031,5,124.74,7.11,0.944,0.3550,0.4500
A200032,5,139.23,3.64,0.889,0.6950,0.4350
A200033,5,6.49,0.99,1.000,0.4600,0.5600
A200034,5,5.04,0.86,0.950,0.3800,0.6600
A200035,5,37.65,4.89,1.000,0.2850,0.4850
A200036,5,11.58,2.04,1.000,0.4050,0.6700
A200037,5,7.50,0.93,0.950,0.3050,0.7050
A200039,5,21.07,2.72,1.000,0.3200,0.5700
A200040,5,7.62,0.97,0.950,0.1650,0.6200
A200041,5,38.95,5.24,0.941,0.2100,0.5600
A200042,5,41.09,3.70,0.938,0.3300,0.5900
A200043,5,33.81,2.51,1.000,0.4200,0.4950
A200044,5,9.87,1.25,0.944,0.7250,0.5250
A200045,5,134.01,8.97,0.889,0.5650,0.4250
A200046,5,37.18,3.87,0.875,0.8000,0.5150
A200048,5,241.03,17.49,0.944,0.5250,0.3050
A200049,5,147.60,9.90,0.947,0.4950,0.3150
A200050,5,22.01,3.56,0.944,0.0700,0.6950
A200052,5,30.91,6.91,0.944,0.3900,0.7300
A200053,5,14.01,2.46,0.944,0.2350,0.7400
A200054,5,10.89,1.28,0.950,0.4000,0.5150
A200056,5,20.84,2.78,0.900,0.4950,0.5350
A200057,5,14.30,1.57,0.947,0.2100,0.5150
A200060,5,11.05,1.61,0.947,0.3650,0.6700
A200062,5,57.16,10.58,0.944,0.3950,0.4050
A200063,5,8.78,1.74,1.000,0.2500,0.6650
A200064,5,22.96,3.85,1.000,0.1150,0.6400
A200065,5,8.12,1.39,0.900,0.4100,0.6350
A200066,5,6.33,1.06,0.947,0.3850,0.6000
A200067,5,7.68,1.83,1.000,0.3850,0.5550
A200068,5,9.83,1.33,0.895,0.4800,0.5700
A200069,5,16.51,3.38,0.947,0.2050,0.5250
A200070,5,60.89,7.30,0.944,0.3750,0.4100
A200071,5,256.78,14.64,0.889,0.4950,0.3150
A200072,5,37.75,4.47,0.947,0.2500,0.5350
A200073,5,11.11,1.66,0.950,0.4150,0.6000
A200074,5,10.00,1.59,0.947,0.3450,0.6500
A200075,5,77.98,4.69,0.842,0.4800,0.4500
A200076,5,12.80,2.76,1.000,0.1250,0.7200
A200077,5,57.59,4.45,0.900,0.3800,0.5150
A200078,5,18.64,3.65,0.944,0.0950,0.7300
A200079,5,39.29,4.75,0.947,0.3250,0.4900
A200080,5,12.97,2.33,0.941,0.2350,0.8200
A200081,5,129.11,17.95,0.889,0.4000,0.4100
A200082,5,10.29,1.27,1.000,0.1700,0.7000
